line,label,global,start,size
1386,gUnk_085dd518,gUnk_085dd518,0x5DD518,0x5DDC64 - 0x5DD518
1390,gUnk_085dd518,Img_BreathSprites,0x5DDC64,0xD00
1394,gUnk_085dd518,Pal_FireBreathSprites,0x5DE964,0x20
1398,gUnk_085dd518,Img_EfxHurtmutEff00OBJ1,0x5DE984,0x8A0
1402,gUnk_085dd518,Img_EfxHurtmutEff00OBJ2,0x5DF224,0x7E4
1406,gUnk_085dd518,Pal_EfxHurtmutEff00OBJ,0x5DFA08,0x20
1410,gUnk_085dd518,Pal_IceBreathSprites,0x5DFA28,0x20
1414,gUnk_085dd518,Pal_DarkBreathSprites,0x5DFA48,0x20
1418,gUnk_085dd518,Pal_WretchedAirSprites,0x5DFA68,0x20
4438,gUnk_085dd518,Img_DarkBreathBg,0x5E5AE4,0x9F4
4442,gUnk_085dd518,Tsa_085E64D8,0x5E64D8,0xE8
4446,gUnk_085dd518,Tsa_085E65C0,0x5E65C0,0xBC
4450,gUnk_085dd518,Tsa_085E667C,0x5E667C,0xFC
4454,gUnk_085dd518,Tsa_085E6778,0x5E6778,0xE8
4458,gUnk_085dd518,Tsa_085E6860,0x5E6860,0xE8
4462,gUnk_085dd518,Tsa_085E6948,0x5E6948,0xFC
4466,gUnk_085dd518,Tsa_085E6A44,0x5E6A44,0x12C
4470,gUnk_085dd518,Tsa_085E6B70,0x5E6B70,0x134
4474,gUnk_085dd518,Tsa_085E6CA4,0x5E6CA4,0xC4
4478,gUnk_085dd518,Tsa_085E6D68,0x5E6D68,0x12C
4482,gUnk_085dd518,Tsa_085E6E94,0x5E6E94,0xFC
4486,gUnk_085dd518,Tsa_085E6F90,0x5E6F90,0x98
4490,gUnk_085dd518,Img_EfxCriricalEffectBG,0x5E7028,0x10E0
4494,gUnk_085dd518,Pal_EfxCriricalEffectBG,0x5E8108,0x200
4498,gUnk_085dd518,Tsa_EfxCriricalEffectBG_L,0x5E8308,0x4A0
4502,gUnk_085dd518,Tsa_EfxCriricalEffectBG_R,0x5E87A8,0x45C
4506,gUnk_085dd518,Img_EfxSRankWeaponEffectBG,0x5E8C04,0xC0
4510,gUnk_085dd518,Pal_EfxSRankWeaponEffectBG,0x5E8CC4,0x20
4514,gUnk_085dd518,Tsa_EfxSRankWeaponEffectBG,0x5E8CE4,0xA4
4518,gUnk_085dd518,Img_EfxNormalEffectBG,0x5E8D88,0x3C8
4522,gUnk_085dd518,Pal_EfxNormalEffectBG,0x5E9150,0x20
4526,Tsa1_EfxNormalEffectBG,Tsa1_EfxNormalEffectBG,0x5E9170,0x5E923C - 0x5E9170
4530,Tsa2_EfxNormalEffectBG,Tsa2_EfxNormalEffectBG,0x5E923C,0x5E933C - 0x5E923C
4534,Tsa3_EfxNormalEffectBG,Tsa3_EfxNormalEffectBG,0x5E933C,0x5E944C - 0x5E933C
4538,Tsa4_EfxNormalEffectBG,Tsa4_EfxNormalEffectBG,0x5E944C,0x5E9558 - 0x5E944C
4542,Tsa5_EfxNormalEffectBG,Tsa5_EfxNormalEffectBG,0x5E9558,0x5E965C - 0x5E9558
4546,Tsa6_EfxNormalEffectBG,Tsa6_EfxNormalEffectBG,0x5E965C,0x5E9748 - 0x5E965C
4550,Tsa7_EfxNormalEffectBG,Tsa7_EfxNormalEffectBG,0x5E9748,0x5E981C - 0x5E9748
4554,Tsa8_EfxNormalEffectBG,Tsa8_EfxNormalEffectBG,0x5E981C,0x5E98D8 - 0x5E981C
4558,Tsa9_EfxNormalEffectBG,Tsa9_EfxNormalEffectBG,0x5E98D8,0x5E9980 - 0x5E98D8
4562,TsaA_EfxNormalEffectBG,TsaA_EfxNormalEffectBG,0x5E9980,0x5E9A18 - 0x5E9980
7455,TsaA_EfxNormalEffectBG,Img_EfxMagfcastBG,0x5EE4F8,0xD54
7459,TsaA_EfxNormalEffectBG,Pal_EfxMagfcastBG,0x5EF24C,0x20
7463,Tsa1_EfxMagfcastBG,Tsa1_EfxMagfcastBG,0x5EF26C,0x5EF308 - 0x5EF26C
7467,Tsa2_EfxMagfcastBG,Tsa2_EfxMagfcastBG,0x5EF308,0x5EF3A4 - 0x5EF308
7471,Tsa3_EfxMagfcastBG,Tsa3_EfxMagfcastBG,0x5EF3A4,0x5EF444 - 0x5EF3A4
7475,Tsa4_EfxMagfcastBG,Tsa4_EfxMagfcastBG,0x5EF444,0x5EF4E8 - 0x5EF444
7479,Tsa5_EfxMagfcastBG,Tsa5_EfxMagfcastBG,0x5EF4E8,0x5EF59C - 0x5EF4E8
7483,Tsa6_EfxMagfcastBG,Tsa6_EfxMagfcastBG,0x5EF59C,0x5EF644 - 0x5EF59C
7487,Tsa7_EfxMagfcastBG,Tsa7_EfxMagfcastBG,0x5EF644,0x5EF6F4 - 0x5EF644
7491,Tsa8_EfxMagfcastBG,Tsa8_EfxMagfcastBG,0x5EF6F4,0x5EF7A4 - 0x5EF6F4
7495,Tsa9_EfxMagfcastBG,Tsa9_EfxMagfcastBG,0x5EF7A4,0x5EF85C - 0x5EF7A4
7499,Tsa10_EfxMagfcastBG,Tsa10_EfxMagfcastBG,0x5EF85C,0x5EF914 - 0x5EF85C
7503,Tsa11_EfxMagfcastBG,Tsa11_EfxMagfcastBG,0x5EF914,0x5EF9C8 - 0x5EF914
7507,Tsa12_EfxMagfcastBG,Tsa12_EfxMagfcastBG,0x5EF9C8,0x5EFA68 - 0x5EF9C8
7511,Tsa13_EfxMagfcastBG,Tsa13_EfxMagfcastBG,0x5EFA68,0x5EFB1C - 0x5EFA68
7515,Tsa14_EfxMagfcastBG,Tsa14_EfxMagfcastBG,0x5EFB1C,0x5EFBD0 - 0x5EFB1C
7519,Tsa15_EfxMagfcastBG,Tsa15_EfxMagfcastBG,0x5EFBD0,0x5EFC84 - 0x5EFBD0
7523,Tsa16_EfxMagfcastBG,Tsa16_EfxMagfcastBG,0x5EFC84,0x5EFD24 - 0x5EFC84
7527,Tsa17_EfxMagfcastBG,Tsa17_EfxMagfcastBG,0x5EFD24,0x5EFDE0 - 0x5EFD24
7531,Tsa18_EfxMagfcastBG,Tsa18_EfxMagfcastBG,0x5EFDE0,0x5EFE90 - 0x5EFDE0
7535,Tsa19_EfxMagfcastBG,Tsa19_EfxMagfcastBG,0x5EFE90,0x5EFF60 - 0x5EFE90
7539,Tsa20_EfxMagfcastBG,Tsa20_EfxMagfcastBG,0x5EFF60,0x5F0018 - 0x5EFF60
7543,Tsa21_EfxMagfcastBG,Tsa21_EfxMagfcastBG,0x5F0018,0x5F00E8 - 0x5F0018
7547,Tsa22_EfxMagfcastBG,Tsa22_EfxMagfcastBG,0x5F00E8,0x5F0190 - 0x5F00E8
7551,Tsa22_EfxMagfcastBG,Img_EfxMagdhisEffectBG,0x5F0190,0xC74
7555,Tsa22_EfxMagfcastBG,Pal_EfxMagdhisEffectBG,0x5F0E04,0x20
7559,Tsa1_EfxMagdhisEffectBG,Tsa1_EfxMagdhisEffectBG,0x5F0E24,0x5F0F24 - 0x5F0E24
7563,Tsa2_EfxMagdhisEffectBG,Tsa2_EfxMagdhisEffectBG,0x5F0F24,0x5F1018 - 0x5F0F24
7567,Tsa3_EfxMagdhisEffectBG,Tsa3_EfxMagdhisEffectBG,0x5F1018,0x5F10EC - 0x5F1018
7571,Tsa4_EfxMagdhisEffectBG,Tsa4_EfxMagdhisEffectBG,0x5F10EC,0x5F11B0 - 0x5F10EC
7575,Tsa4_EfxMagdhisEffectBG,Img_EfxSunakemuriOBJ,0x5F11B0,0x470
7579,Tsa4_EfxMagdhisEffectBG,Pal_EfxSunakemuriOBJ1,0x5F1620,0x20
7583,Tsa4_EfxMagdhisEffectBG,Pal_EfxSunakemuriOBJ2,0x5F1640,0x20
7587,Tsa4_EfxMagdhisEffectBG,Pal_EfxSunakemuriOBJ3,0x5F1660,0x20
8507,Tsa4_EfxMagdhisEffectBG,Img_ThunderSpellBg,0x5F2DC0,0x8BC
8511,Tsa4_EfxMagdhisEffectBG,Pal_ThunderSpellBg,0x5F367C,0x200
8515,Tsa4_EfxMagdhisEffectBG,Tsa_EfxThuderBg1,0x5F387C,0xCC
8519,Tsa4_EfxMagdhisEffectBG,Tsa_EfxThuderBg2,0x5F3948,0x160
8523,Tsa4_EfxMagdhisEffectBG,Img_BoltingSprites,0x5F3AA8,0x498
8527,Tsa4_EfxMagdhisEffectBG,Pal_BoltingSprites,0x5F3F40,0x5F3FE0 - 0x5F3F40
9271,Tsa4_EfxMagdhisEffectBG,Img_FireSpellBg,0x5F5638,0xBF8
9275,Tsa4_EfxMagdhisEffectBG,Pal_FireSpellBg,0x5F6230,0x20
9279,Tsa4_EfxMagdhisEffectBG,Tsa_085F6250,0x5F6250,0xA8
9283,Tsa4_EfxMagdhisEffectBG,Tsa_085F62F8,0x5F62F8,0xA8
9287,Tsa4_EfxMagdhisEffectBG,Tsa_085F63A0,0x5F63A0,0xB8
9291,Tsa4_EfxMagdhisEffectBG,Tsa_085F6458,0x5F6458,0xC8
9295,Tsa4_EfxMagdhisEffectBG,Tsa_085F6520,0x5F6520,0xD0
9299,Tsa4_EfxMagdhisEffectBG,Tsa_085F65F0,0x5F65F0,0x100
9303,Tsa4_EfxMagdhisEffectBG,Tsa_085F66F0,0x5F66F0,0x108
9307,Tsa4_EfxMagdhisEffectBG,Tsa_085F67F8,0x5F67F8,0x114
9311,Tsa4_EfxMagdhisEffectBG,Tsa_085F690C,0x5F690C,0x138
9315,Tsa4_EfxMagdhisEffectBG,Tsa_085F6A44,0x5F6A44,0x104
9319,Tsa4_EfxMagdhisEffectBG,Tsa_085F6B48,0x5F6B48,0xD4
9323,Tsa4_EfxMagdhisEffectBG,Tsa_085F6C1C,0x5F6C1C,0x5F6CDC - 0x5F6C1C
9327,Tsa4_EfxMagdhisEffectBG,Tsa_085F6CDC,0x5F6CDC,0x5F6D84 - 0x5F6CDC
9331,Tsa4_EfxMagdhisEffectBG,Tsa_085F6D84,0x5F6D84,0x5F6E2C - 0x5F6D84
9335,Tsa4_EfxMagdhisEffectBG,Tsa_085F6E2C,0x5F6E2C,0x5F6EE4 - 0x5F6E2C
9339,Tsa4_EfxMagdhisEffectBG,Tsa_085F6EE4,0x5F6EE4,0x5F6FAC - 0x5F6EE4
9343,Tsa4_EfxMagdhisEffectBG,Tsa_085F6FAC,0x5F6FAC,0x5F707C - 0x5F6FAC
9347,Tsa4_EfxMagdhisEffectBG,Tsa_085F707C,0x5F707C,0x5F717C - 0x5F707C
9351,Tsa4_EfxMagdhisEffectBG,Tsa_085F717C,0x5F717C,0x5F7284 - 0x5F717C
9355,Tsa4_EfxMagdhisEffectBG,Tsa_085F7284,0x5F7284,0x5F7398 - 0x5F7284
9359,Tsa4_EfxMagdhisEffectBG,Tsa_085F7398,0x5F7398,0x5F74D0 - 0x5F7398
9363,Tsa4_EfxMagdhisEffectBG,Tsa_085F74D0,0x5F74D0,0x5F75D4 - 0x5F74D0
9367,Tsa4_EfxMagdhisEffectBG,Tsa_085F75D4,0x5F75D4,0x5F76A8 - 0x5F75D4
9371,Tsa4_EfxMagdhisEffectBG,Tsa_085F76A8,0x5F76A8,0x5F7768 - 0x5F76A8
9375,Tsa4_EfxMagdhisEffectBG,Img_FireSpellSprites,0x5F7768,0x5FC
9379,Tsa4_EfxMagdhisEffectBG,Pal_FireSpellSprites,0x5F7D64,0x20
9659,Tsa4_EfxMagdhisEffectBG,Img_085F8494,0x5F8494,0x5F91D0 - 0x5F8494
9663,Tsa4_EfxMagdhisEffectBG,Img_085F91D0,0x5F91D0,0x5F9EAC - 0x5F91D0
9667,Tsa4_EfxMagdhisEffectBG,Img_085F9EAC,0x5F9EAC,0x5FACD4 - 0x5F9EAC
9671,Tsa4_EfxMagdhisEffectBG,Img_085FACD4,0x5FACD4,0x5FBCC8 - 0x5FACD4
9675,Tsa4_EfxMagdhisEffectBG,Img_085FBCC8,0x5FBCC8,0x5FCF64 - 0x5FBCC8
9679,Tsa4_EfxMagdhisEffectBG,Img_085FCF64,0x5FCF64,0x5FDB30 - 0x5FCF64
9683,Tsa4_EfxMagdhisEffectBG,Img_085FDB30,0x5FDB30,0x5FE728 - 0x5FDB30
9687,Tsa4_EfxMagdhisEffectBG,Img_085FE728,0x5FE728,0x5FF280 - 0x5FE728
9691,Tsa4_EfxMagdhisEffectBG,Img_085FF280,0x5FF280,0x5FFD7C - 0x5FF280
9695,Tsa4_EfxMagdhisEffectBG,Img_085FFD7C,0x5FFD7C,0x600784 - 0x5FFD7C
9699,Tsa4_EfxMagdhisEffectBG,Img_08600784,0x600784,0x60108C - 0x600784
9703,Tsa4_EfxMagdhisEffectBG,Pal_EfxFireHitBG,0x60108C,0x6010AC - 0x60108C
9707,Tsa4_EfxMagdhisEffectBG,Tsa_086010AC,0x6010AC,0x601158 - 0x6010AC
9711,Tsa4_EfxMagdhisEffectBG,Tsa_08601158,0x601158,0x601210 - 0x601158
9715,Tsa4_EfxMagdhisEffectBG,Tsa_08601210,0x601210,0x6012DC - 0x601210
9719,Tsa4_EfxMagdhisEffectBG,Tsa_086012DC,0x6012DC,0x6013BC - 0x6012DC
9723,Tsa4_EfxMagdhisEffectBG,Tsa_086013BC,0x6013BC,0x6014B0 - 0x6013BC
9727,Tsa4_EfxMagdhisEffectBG,Tsa_086014B0,0x6014B0,0x6015C8 - 0x6014B0
9731,Tsa4_EfxMagdhisEffectBG,Tsa_086015C8,0x6015C8,0x6016F4 - 0x6015C8
9735,Tsa4_EfxMagdhisEffectBG,Tsa_086016F4,0x6016F4,0x60182C - 0x6016F4
9739,Tsa4_EfxMagdhisEffectBG,Tsa_0860182C,0x60182C,0x601970 - 0x60182C
9743,Tsa4_EfxMagdhisEffectBG,Tsa_08601970,0x601970,0x601AC4 - 0x601970
9747,Tsa4_EfxMagdhisEffectBG,Tsa_08601AC4,0x601AC4,0x601C1C - 0x601AC4
9751,Tsa4_EfxMagdhisEffectBG,Tsa_08601C1C,0x601C1C,0x601D84 - 0x601C1C
9755,Tsa4_EfxMagdhisEffectBG,Tsa_08601D84,0x601D84,0x601EF0 - 0x601D84
9759,Tsa4_EfxMagdhisEffectBG,Tsa_08601EF0,0x601EF0,0x60206C - 0x601EF0
9763,Tsa4_EfxMagdhisEffectBG,Tsa_0860206C,0x60206C,0x602200 - 0x60206C
9767,Tsa4_EfxMagdhisEffectBG,Tsa_08602200,0x602200,0x6023A0 - 0x602200
9771,Tsa4_EfxMagdhisEffectBG,Tsa_086023A0,0x6023A0,0x602540 - 0x6023A0
9775,Tsa4_EfxMagdhisEffectBG,Tsa_08602540,0x602540,0x6026E0 - 0x602540
9779,Tsa4_EfxMagdhisEffectBG,Tsa_086026E0,0x6026E0,0x602880 - 0x6026E0
9783,Tsa4_EfxMagdhisEffectBG,Tsa_08602880,0x602880,0x602A10 - 0x602880
9787,Tsa4_EfxMagdhisEffectBG,Tsa_08602A10,0x602A10,0x602B94 - 0x602A10
9791,Tsa4_EfxMagdhisEffectBG,Img_EkrElfireBG,0x602B94,0xFBC
9795,Tsa4_EfxMagdhisEffectBG,Pal_EkrElfireBG,0x603B50,0x200
9799,Tsa4_EfxMagdhisEffectBG,Tsa_EkrElfireBG,0x603D50,0x248
9803,Tsa4_EfxMagdhisEffectBG,Img_EfxElfireOBJ,0x603F98,0x278
9807,Tsa4_EfxMagdhisEffectBG,Pal_EfxElfireOBJ,0x604210,0x20
10665,Tsa4_EfxMagdhisEffectBG,Img_BoltingBg_A,0x605E70,0xBD0
10669,Tsa4_EfxMagdhisEffectBG,Img_BoltingBg_B,0x606A40,0x106C
10673,Tsa4_EfxMagdhisEffectBG,Img_BoltingBg_C,0x607AAC,0xD8C
10677,Tsa4_EfxMagdhisEffectBG,Pal_BoltingBg,0x608838,0x60
10681,Tsa4_EfxMagdhisEffectBG,Tsa_BoltingBg_A,0x608898,0x194
10685,Tsa4_EfxMagdhisEffectBG,Tsa_BoltingBg_B,0x608A2C,0x208
10689,Tsa4_EfxMagdhisEffectBG,Tsa_BoltingBg_C,0x608C34,0x164
10693,Tsa4_EfxMagdhisEffectBG,Tsa_BoltingBg_D,0x608D98,0xE0
10697,Tsa4_EfxMagdhisEffectBG,Tsa_BoltingBg_E,0x608E78,0x118
10701,Tsa4_EfxMagdhisEffectBG,Tsa_BoltingBg_F,0x608F90,0x1AC
10705,Tsa4_EfxMagdhisEffectBG,Tsa_BoltingBg_G,0x60913C,0x120
10709,Tsa4_EfxMagdhisEffectBG,Tsa_BoltingBg_H,0x60925C,0xEC
10713,Tsa4_EfxMagdhisEffectBG,Tsa_BoltingBg_I,0x609348,0xE8
10717,Tsa4_EfxMagdhisEffectBG,Tsa_BoltingBg_J,0x609430,0x98
10721,Tsa4_EfxMagdhisEffectBG,Tsa_BoltingBg_K,0x6094C8,0x6096BC - 0x6094C8
11246,Tsa4_EfxMagdhisEffectBG,Img_FimbulvetrBg_A,0x60A764,0x12D0
11250,Tsa4_EfxMagdhisEffectBG,Img_FimbulvetrBg_B,0x60BA34,0x18B0
11254,Tsa4_EfxMagdhisEffectBG,Img_FimbulvetrBg_C,0x60D2E4,0x1444
11258,Tsa4_EfxMagdhisEffectBG,Img_FimbulvetrBg_D,0x60E728,0x1AB4
11262,Tsa4_EfxMagdhisEffectBG,Pal_FimbulvetrBg,0x6101DC,0x20
11266,Tsa4_EfxMagdhisEffectBG,Tsa_FimbulvetrBg_A,0x6101FC,0xA4
11270,Tsa4_EfxMagdhisEffectBG,Tsa_FimbulvetrBg_B,0x6102A0,0xA8
11274,Tsa4_EfxMagdhisEffectBG,Tsa_FimbulvetrBg_C,0x610348,0xBC
11278,Tsa4_EfxMagdhisEffectBG,Tsa_FimbulvetrBg_D,0x610404,0xD4
11282,Tsa4_EfxMagdhisEffectBG,Tsa_FimbulvetrBg_E,0x6104D8,0xFC
11286,Tsa4_EfxMagdhisEffectBG,Tsa_FimbulvetrBg_F,0x6105D4,0x140
11290,Tsa4_EfxMagdhisEffectBG,Tsa_FimbulvetrBg_G,0x610714,0x198
11294,Tsa4_EfxMagdhisEffectBG,Tsa_FimbulvetrBg_H,0x6108AC,0x1D4
11298,Tsa4_EfxMagdhisEffectBG,Tsa_FimbulvetrBg_I,0x610A80,0x210
11302,Tsa4_EfxMagdhisEffectBG,Tsa_FimbulvetrBg_J,0x610C90,0x220
11306,Tsa4_EfxMagdhisEffectBG,Tsa_FimbulvetrBg_K,0x610EB0,0x230
11310,Tsa4_EfxMagdhisEffectBG,Img_FimbulvetrBg_Tornado_A,0x6110E0,0x1208
11314,Tsa4_EfxMagdhisEffectBG,Img_FimbulvetrBg_Tornado_B,0x6122E8,0x115C
11318,Tsa4_EfxMagdhisEffectBG,Img_FimbulvetrBg_Tornado_C,0x613444,0x1084
11322,Tsa4_EfxMagdhisEffectBG,Img_FimbulvetrBg_Tornado_D,0x6144C8,0x1440
11326,Tsa4_EfxMagdhisEffectBG,Img_FimbulvetrBg_Tornado_E,0x615908,0x13B8
11330,Tsa4_EfxMagdhisEffectBG,Img_FimbulvetrBg_Tornado_F,0x616CC0,0x1244
11334,Tsa4_EfxMagdhisEffectBG,Pal_FimbulvetrBg_Tornado,0x617F04,0x20
11338,Tsa4_EfxMagdhisEffectBG,Tsa_FimbulvetrBg_Tornado_A,0x617F24,0x1EC
11342,Tsa4_EfxMagdhisEffectBG,Tsa_FimbulvetrBg_Tornado_B,0x618110,0x1D8
11346,Tsa4_EfxMagdhisEffectBG,Tsa_FimbulvetrBg_Tornado_C,0x6182E8,0x1C8
11350,Tsa4_EfxMagdhisEffectBG,Tsa_FimbulvetrBg_Tornado_D,0x6184B0,0x234
11354,Tsa4_EfxMagdhisEffectBG,Tsa_FimbulvetrBg_Tornado_E,0x6186E4,0x248
11358,Tsa4_EfxMagdhisEffectBG,Tsa_FimbulvetrBg_Tornado_F,0x61892C,0x290
11362,Tsa4_EfxMagdhisEffectBG,Img_FimbulvetrSprites_Snow,0x618BBC,0x618F0C - 0x618BBC
12160,Tsa4_EfxMagdhisEffectBG,Img_0861AD94,0x61AD94,0x8C8
12164,Tsa4_EfxMagdhisEffectBG,Img_0861B65C,0x61B65C,0x750
12168,Tsa4_EfxMagdhisEffectBG,Img_0861BDAC,0x61BDAC,0x9C4
12172,Tsa4_EfxMagdhisEffectBG,Img_0861C770,0x61C770,0xB54
12176,Tsa4_EfxMagdhisEffectBG,Img_0861D2C4,0x61D2C4,0xB08
12180,Tsa4_EfxMagdhisEffectBG,Img_0861DDCC,0x61DDCC,0x318
12184,Tsa4_EfxMagdhisEffectBG,Img_0861E0E4,0x61E0E4,0xCB0
12188,Tsa4_EfxMagdhisEffectBG,Img_0861ED94,0x61ED94,0xA20
12192,Tsa4_EfxMagdhisEffectBG,Pal_0861F7B4,0x61F7B4,0x20
12196,Tsa4_EfxMagdhisEffectBG,Pal_0861F7D4,0x61F7D4,0x20
12200,Tsa4_EfxMagdhisEffectBG,Tsa_0861F7F4,0x61F7F4,0x124
12204,Tsa4_EfxMagdhisEffectBG,Tsa_0861F918,0x61F918,0x120
12208,Tsa4_EfxMagdhisEffectBG,Tsa_0861FA38,0x61FA38,0x10C
12212,Tsa4_EfxMagdhisEffectBG,Tsa_0861FB44,0x61FB44,0xFC
12216,Tsa4_EfxMagdhisEffectBG,Tsa_0861FC40,0x61FC40,0xE8
12220,Tsa4_EfxMagdhisEffectBG,Tsa_0861FD28,0x61FD28,0xE4
12224,Tsa4_EfxMagdhisEffectBG,Tsa_0861FE0C,0x61FE0C,0xE4
12228,Tsa4_EfxMagdhisEffectBG,Tsa_0861FEF0,0x61FEF0,0xDC
12232,Tsa4_EfxMagdhisEffectBG,Tsa_0861FFCC,0x61FFCC,0xE0
12236,Tsa4_EfxMagdhisEffectBG,Tsa_086200AC,0x6200AC,0xF4
12240,Tsa4_EfxMagdhisEffectBG,Tsa_086201A0,0x6201A0,0xF4
12244,Tsa4_EfxMagdhisEffectBG,Tsa_08620294,0x620294,0x104
12248,Tsa4_EfxMagdhisEffectBG,Tsa_08620398,0x620398,0x108
12252,Tsa4_EfxMagdhisEffectBG,Tsa_086204A0,0x6204A0,0x118
12256,Tsa4_EfxMagdhisEffectBG,Tsa_086205B8,0x6205B8,0x124
12260,Tsa4_EfxMagdhisEffectBG,Tsa_086206DC,0x6206DC,0x114
12264,Tsa4_EfxMagdhisEffectBG,Tsa_086207F0,0x6207F0,0xB0
12268,Tsa4_EfxMagdhisEffectBG,Tsa_086208A0,0x6208A0,0x108
12272,Tsa4_EfxMagdhisEffectBG,Tsa_086209A8,0x6209A8,0x13C
12276,Tsa4_EfxMagdhisEffectBG,Tsa_08620AE4,0x620AE4,0x174
12280,Tsa4_EfxMagdhisEffectBG,Tsa_08620C58,0x620C58,0x198
12284,Tsa4_EfxMagdhisEffectBG,Tsa_08620DF0,0x620DF0,0x174
12288,Tsa4_EfxMagdhisEffectBG,Tsa_08620F64,0x620F64,0x10C
12292,Tsa4_EfxMagdhisEffectBG,Tsa_08621070,0x621070,0xD4
12296,Tsa4_EfxMagdhisEffectBG,Tsa_08621144,0x621144,0xA0
12300,Tsa4_EfxMagdhisEffectBG,Tsa_086211E4,0x6211E4,0x120
12304,Tsa4_EfxMagdhisEffectBG,Tsa_08621304,0x621304,0x11C
12308,Tsa4_EfxMagdhisEffectBG,Tsa_08621420,0x621420,0x114
12312,Tsa4_EfxMagdhisEffectBG,Tsa_08621534,0x621534,0xF8
12316,Tsa4_EfxMagdhisEffectBG,Tsa_0862162C,0x62162C,0xE8
12320,Tsa4_EfxMagdhisEffectBG,Tsa_08621714,0x621714,0xD0
12324,Tsa4_EfxMagdhisEffectBG,Tsa_086217E4,0x6217E4,0xC4
12328,Tsa4_EfxMagdhisEffectBG,Tsa_086218A8,0x6218A8,0xB8
12332,Tsa4_EfxMagdhisEffectBG,Img_AircaliburBg,0x621960,0x15CC
12336,Tsa4_EfxMagdhisEffectBG,Pal_AircaliburBg,0x622F2C,0xC0
12340,Tsa4_EfxMagdhisEffectBG,Tsa_AircaliburBg_A,0x622FEC,0x188
12344,Tsa4_EfxMagdhisEffectBG,Tsa_AircaliburBg_B,0x623174,0x364
12348,Tsa4_EfxMagdhisEffectBG,Img_AircaliburSprites,0x6234D8,0x5C4
12352,Tsa4_EfxMagdhisEffectBG,Pal_AircaliburSprites,0x623A9C,0x20
13914,Tsa4_EfxMagdhisEffectBG,Img_08626944,0x626944,0xBD0
13918,Tsa4_EfxMagdhisEffectBG,Img_08627514,0x627514,0xD10
13922,Tsa4_EfxMagdhisEffectBG,Img_08628224,0x628224,0x125C
13926,Tsa4_EfxMagdhisEffectBG,Img_08629480,0x629480,0x684
13930,Tsa4_EfxMagdhisEffectBG,Img_08629B04,0x629B04,0x55C
13934,Tsa4_EfxMagdhisEffectBG,Img_0862A060,0x62A060,0x270
13938,Tsa4_EfxMagdhisEffectBG,Pal_0862A2D0,0x62A2D0,0x20
13942,Tsa4_EfxMagdhisEffectBG,Pal_0862A2F0,0x62A2F0,0x20
13946,Tsa4_EfxMagdhisEffectBG,Tsa_0862A310,0x62A310,0xFC
13950,Tsa4_EfxMagdhisEffectBG,Tsa_0862A40C,0x62A40C,0x100
13954,Tsa4_EfxMagdhisEffectBG,Tsa_0862A50C,0x62A50C,0x104
13958,Tsa4_EfxMagdhisEffectBG,Tsa_0862A610,0x62A610,0xF8
13962,Tsa4_EfxMagdhisEffectBG,Tsa_0862A708,0x62A708,0x10C
13966,Tsa4_EfxMagdhisEffectBG,Tsa_0862A814,0x62A814,0x10C
13970,Tsa4_EfxMagdhisEffectBG,Tsa_0862A920,0x62A920,0x120
13974,Tsa4_EfxMagdhisEffectBG,Tsa_0862AA40,0x62AA40,0x124
13978,Tsa4_EfxMagdhisEffectBG,Tsa_0862AB64,0x62AB64,0xE8
13982,Tsa4_EfxMagdhisEffectBG,Tsa_0862AC4C,0x62AC4C,0xDC
13986,Tsa4_EfxMagdhisEffectBG,Tsa_0862AD28,0x62AD28,0xC0
13990,Tsa4_EfxMagdhisEffectBG,Tsa_0862ADE8,0x62ADE8,0xB8
13994,Tsa4_EfxMagdhisEffectBG,Tsa_0862AEA0,0x62AEA0,0xA8
13998,Tsa4_EfxMagdhisEffectBG,Tsa_0862AF48,0x62AF48,0xBC
14002,Tsa4_EfxMagdhisEffectBG,Tsa_0862B004,0x62B004,0xD8
14006,Tsa4_EfxMagdhisEffectBG,Tsa_0862B0DC,0x62B0DC,0xE0
14010,Tsa4_EfxMagdhisEffectBG,Tsa_0862B1BC,0x62B1BC,0xF0
14014,Tsa4_EfxMagdhisEffectBG,Tsa_0862B2AC,0x62B2AC,0xFC
14018,Tsa4_EfxMagdhisEffectBG,Tsa_0862B3A8,0x62B3A8,0xF4
14022,Tsa4_EfxMagdhisEffectBG,Tsa_0862B49C,0x62B49C,0xF8
14026,Tsa4_EfxMagdhisEffectBG,Tsa_0862B594,0x62B594,0xEC
14030,Tsa4_EfxMagdhisEffectBG,Tsa_0862B680,0x62B680,0xE4
14034,Tsa4_EfxMagdhisEffectBG,Tsa_0862B764,0x62B764,0xD8
14038,Tsa4_EfxMagdhisEffectBG,Tsa_0862B83C,0x62B83C,0xD0
14042,Tsa4_EfxMagdhisEffectBG,Tsa_0862B90C,0x62B90C,0xCC
14046,Tsa4_EfxMagdhisEffectBG,Tsa_0862B9D8,0x62B9D8,0xC8
14050,Tsa4_EfxMagdhisEffectBG,Tsa_0862BAA0,0x62BAA0,0xB4
14054,Tsa4_EfxMagdhisEffectBG,Tsa_0862BB54,0x62BB54,0xB4
14058,Tsa4_EfxMagdhisEffectBG,Tsa_0862BC08,0x62BC08,0xA0
14062,Tsa4_EfxMagdhisEffectBG,Tsa_0862BCA8,0x62BCA8,0xB4
14066,Tsa4_EfxMagdhisEffectBG,Tsa_0862BD5C,0x62BD5C,0xBC
14070,Tsa4_EfxMagdhisEffectBG,Tsa_0862BE18,0x62BE18,0xDC
14074,Tsa4_EfxMagdhisEffectBG,Tsa_0862BEF4,0x62BEF4,0xE8
14078,Tsa4_EfxMagdhisEffectBG,Tsa_0862BFDC,0x62BFDC,0x124
14082,Tsa4_EfxMagdhisEffectBG,Tsa_0862C100,0x62C100,0x120
14086,Tsa4_EfxMagdhisEffectBG,Tsa_0862C220,0x62C220,0x10C
14090,Tsa4_EfxMagdhisEffectBG,Tsa_0862C32C,0x62C32C,0x10C
14094,Tsa4_EfxMagdhisEffectBG,Tsa_0862C438,0x62C438,0xFC
14098,Tsa4_EfxMagdhisEffectBG,Tsa_0862C534,0x62C534,0x100
14102,Tsa4_EfxMagdhisEffectBG,Tsa_0862C634,0x62C634,0xFC
14106,Tsa4_EfxMagdhisEffectBG,Tsa_0862C730,0x62C730,0xFC
14110,Tsa4_EfxMagdhisEffectBG,Img_FluxAnimSprites_Orb,0x62C82C,0x400
14114,Tsa4_EfxMagdhisEffectBG,Img_FluxAnimSprites_Tendrils,0x62CC2C,0x440
14118,Tsa4_EfxMagdhisEffectBG,Img_FluxAnimSprites_SigilVoid,0x62D06C,0x3B8
14122,Tsa4_EfxMagdhisEffectBG,Pal_FluxAnimSprites,0x62D424,0x20
14516,Tsa4_EfxMagdhisEffectBG,Img_NosferatuBg_A,0x62DD0C,0xAD0
14520,Tsa4_EfxMagdhisEffectBG,Img_NosferatuBg_B,0x62E7DC,0xBA8
14524,Tsa4_EfxMagdhisEffectBG,Img_NosferatuBg_C,0x62F384,0xB58
14528,Tsa4_EfxMagdhisEffectBG,Img_NosferatuBg_D,0x62FEDC,0xAB4
14532,Tsa4_EfxMagdhisEffectBG,Img_NosferatuBg_E,0x630990,0xAD0
14536,Tsa4_EfxMagdhisEffectBG,Img_NosferatuBg_F,0x631460,0xCC4
14540,Tsa4_EfxMagdhisEffectBG,Img_NosferatuBg_G,0x632124,0x904
14544,Tsa4_EfxMagdhisEffectBG,Img_NosferatuBg_H,0x632A28,0x554
14548,Tsa4_EfxMagdhisEffectBG,Img_NosferatuBg_I,0x632F7C,0x918
14552,Tsa4_EfxMagdhisEffectBG,Img_NosferatuBg_J,0x633894,0xC34
14556,Tsa4_EfxMagdhisEffectBG,Img_NosferatuBg_K,0x6344C8,0xCA4
14560,Tsa4_EfxMagdhisEffectBG,Img_NosferatuBg_L,0x63516C,0xBF4
14564,Tsa4_EfxMagdhisEffectBG,Img_NosferatuBg_M,0x635D60,0x8E0
14568,Tsa4_EfxMagdhisEffectBG,Pal_NosferatuBg,0x636640,0x20
14572,Tsa4_EfxMagdhisEffectBG,Tsa_08636660,0x636660,0x130
14576,Tsa4_EfxMagdhisEffectBG,Tsa_08636790,0x636790,0xAC
14580,Tsa4_EfxMagdhisEffectBG,Tsa_0863683C,0x63683C,0xB0
14584,Tsa4_EfxMagdhisEffectBG,Tsa_086368EC,0x6368EC,0xB8
14588,Tsa4_EfxMagdhisEffectBG,Tsa_086369A4,0x6369A4,0xC0
14592,Tsa4_EfxMagdhisEffectBG,Tsa_08636A64,0x636A64,0xCC
14596,Tsa4_EfxMagdhisEffectBG,Tsa_08636B30,0x636B30,0xE0
14600,Tsa4_EfxMagdhisEffectBG,Tsa_08636C10,0x636C10,0xE8
14604,Tsa4_EfxMagdhisEffectBG,Tsa_08636CF8,0x636CF8,0x108
14608,Tsa4_EfxMagdhisEffectBG,Tsa_08636E00,0x636E00,0x11C
14612,Tsa4_EfxMagdhisEffectBG,Tsa_08636F1C,0x636F1C,0x13C
14616,Tsa4_EfxMagdhisEffectBG,Tsa_08637058,0x637058,0x150
14620,Tsa4_EfxMagdhisEffectBG,Tsa_086371A8,0x6371A8,0x158
14624,Tsa4_EfxMagdhisEffectBG,Tsa_08637300,0x637300,0x158
14628,Tsa4_EfxMagdhisEffectBG,Tsa_08637458,0x637458,0x154
14632,Tsa4_EfxMagdhisEffectBG,Tsa_086375AC,0x6375AC,0x150
14636,Tsa4_EfxMagdhisEffectBG,Tsa_086376FC,0x6376FC,0x150
14640,Tsa4_EfxMagdhisEffectBG,Tsa_0863784C,0x63784C,0x138
14644,Tsa4_EfxMagdhisEffectBG,Tsa_08637984,0x637984,0x12C
14648,Tsa4_EfxMagdhisEffectBG,Tsa_08637AB0,0x637AB0,0x11C
14652,Tsa4_EfxMagdhisEffectBG,Tsa_08637BCC,0x637BCC,0x10C
14656,Tsa4_EfxMagdhisEffectBG,Tsa_08637CD8,0x637CD8,0xF8
14660,Tsa4_EfxMagdhisEffectBG,Tsa_08637DD0,0x637DD0,0xEC
14664,Tsa4_EfxMagdhisEffectBG,Tsa_08637EBC,0x637EBC,0xD0
14668,Tsa4_EfxMagdhisEffectBG,Tsa_08637F8C,0x637F8C,0xBC
14672,Tsa4_EfxMagdhisEffectBG,Tsa_08638048,0x638048,0xB4
14676,Tsa4_EfxMagdhisEffectBG,Tsa_086380FC,0x6380FC,0xB0
14680,Tsa4_EfxMagdhisEffectBG,Tsa_086381AC,0x6381AC,0xAC
14684,Tsa4_EfxMagdhisEffectBG,Tsa_08638258,0x638258,0xA8
14688,Tsa4_EfxMagdhisEffectBG,Tsa_08638300,0x638300,0xB4
14692,Tsa4_EfxMagdhisEffectBG,Tsa_086383B4,0x6383B4,0xC0
14696,Tsa4_EfxMagdhisEffectBG,Tsa_08638474,0x638474,0xCC
14700,Tsa4_EfxMagdhisEffectBG,Tsa_08638540,0x638540,0xC8
14704,Tsa4_EfxMagdhisEffectBG,Tsa_08638608,0x638608,0xC8
14708,Tsa4_EfxMagdhisEffectBG,Tsa_086386D0,0x6386D0,0xD4
14712,Tsa4_EfxMagdhisEffectBG,Tsa_086387A4,0x6387A4,0xDC
14716,Tsa4_EfxMagdhisEffectBG,Tsa_08638880,0x638880,0xE8
14720,Tsa4_EfxMagdhisEffectBG,Tsa_08638968,0x638968,0xF4
14724,Tsa4_EfxMagdhisEffectBG,Tsa_08638A5C,0x638A5C,0x108
14728,Tsa4_EfxMagdhisEffectBG,Tsa_08638B64,0x638B64,0x108
14732,Tsa4_EfxMagdhisEffectBG,Tsa_08638C6C,0x638C6C,0x124
14736,Tsa4_EfxMagdhisEffectBG,Tsa_08638D90,0x638D90,0x120
14740,Tsa4_EfxMagdhisEffectBG,Tsa_08638EB0,0x638EB0,0x11C
14744,Tsa4_EfxMagdhisEffectBG,Tsa_08638FCC,0x638FCC,0x110
14748,Tsa4_EfxMagdhisEffectBG,Tsa_086390DC,0x6390DC,0x10C
14752,Tsa4_EfxMagdhisEffectBG,Tsa_086391E8,0x6391E8,0x100
14756,Tsa4_EfxMagdhisEffectBG,Tsa_086392E8,0x6392E8,0xF0
14760,Tsa4_EfxMagdhisEffectBG,Tsa_086393D8,0x6393D8,0xDC
14764,Tsa4_EfxMagdhisEffectBG,Tsa_086394B4,0x6394B4,0xCC
14768,Tsa4_EfxMagdhisEffectBG,Tsa_08639580,0x639580,0xB8
14772,Tsa4_EfxMagdhisEffectBG,Tsa_08639638,0x639638,0xAC
14776,Tsa4_EfxMagdhisEffectBG,Img_086396E4,0x6396E4,0x5B4
14780,Tsa4_EfxMagdhisEffectBG,Img_08639C98,0x639C98,0x6C8
14784,Tsa4_EfxMagdhisEffectBG,Img_0863A360,0x63A360,0x640
14788,Tsa4_EfxMagdhisEffectBG,Img_0863A9A0,0x63A9A0,0x608
14792,Tsa4_EfxMagdhisEffectBG,Img_0863AFA8,0x63AFA8,0x660
14796,Tsa4_EfxMagdhisEffectBG,Img_0863B608,0x63B608,0x670
14800,Tsa4_EfxMagdhisEffectBG,Img_0863BC78,0x63BC78,0x63C
14804,Tsa4_EfxMagdhisEffectBG,Img_0863C2B4,0x63C2B4,0x648
14808,Tsa4_EfxMagdhisEffectBG,Img_0863C8FC,0x63C8FC,0x704
14812,Tsa4_EfxMagdhisEffectBG,Img_0863D000,0x63D000,0x7B8
14816,Tsa4_EfxMagdhisEffectBG,Img_0863D7B8,0x63D7B8,0x7F4
14820,Tsa4_EfxMagdhisEffectBG,Img_0863DFAC,0x63DFAC,0x7D8
14824,Tsa4_EfxMagdhisEffectBG,Img_0863E784,0x63E784,0x81C
14828,Tsa4_EfxMagdhisEffectBG,Img_0863EFA0,0x63EFA0,0x780
14832,Tsa4_EfxMagdhisEffectBG,Img_0863F720,0x63F720,0x794
14836,Tsa4_EfxMagdhisEffectBG,Img_0863FEB4,0x63FEB4,0x734
14840,Tsa4_EfxMagdhisEffectBG,Img_086405E8,0x6405E8,0xAAC
14844,Tsa4_EfxMagdhisEffectBG,Img_08641094,0x641094,0x560
14848,Tsa4_EfxMagdhisEffectBG,Img_086415F4,0x6415F4,0x770
14852,Tsa4_EfxMagdhisEffectBG,Pal_DivineBg3,0x641D64,0x20
14856,Tsa4_EfxMagdhisEffectBG,Pal_DivineBg,0x641D84,0x20
14860,Tsa4_EfxMagdhisEffectBG,Tsa_08641DA4,0x641DA4,0x194
14864,Tsa4_EfxMagdhisEffectBG,Tsa_08641F38,0x641F38,0x204
14868,Tsa4_EfxMagdhisEffectBG,Tsa_0864213C,0x64213C,0x2D0
14872,Tsa4_EfxMagdhisEffectBG,Tsa_0864240C,0x64240C,0x2D0
14876,Tsa4_EfxMagdhisEffectBG,Tsa_086426DC,0x6426DC,0x2B0
14880,Tsa4_EfxMagdhisEffectBG,Tsa_0864298C,0x64298C,0x2B4
14884,Tsa4_EfxMagdhisEffectBG,Tsa_08642C40,0x642C40,0x28C
14888,Tsa4_EfxMagdhisEffectBG,Tsa_08642ECC,0x642ECC,0x284
14892,Tsa4_EfxMagdhisEffectBG,Tsa_08643150,0x643150,0x274
14896,Tsa4_EfxMagdhisEffectBG,Tsa_086433C4,0x6433C4,0x294
14900,Tsa4_EfxMagdhisEffectBG,Tsa_08643658,0x643658,0x288
14904,Tsa4_EfxMagdhisEffectBG,Tsa_086438E0,0x6438E0,0x29C
14908,Tsa4_EfxMagdhisEffectBG,Tsa_08643B7C,0x643B7C,0x288
14912,Tsa4_EfxMagdhisEffectBG,Tsa_08643E04,0x643E04,0x27C
14916,Tsa4_EfxMagdhisEffectBG,Tsa_08644080,0x644080,0x230
14920,Tsa4_EfxMagdhisEffectBG,Tsa_086442B0,0x6442B0,0x250
14924,Tsa4_EfxMagdhisEffectBG,Tsa_08644500,0x644500,0x230
14928,Tsa4_EfxMagdhisEffectBG,Tsa_08644730,0x644730,0x1F8
14932,Tsa4_EfxMagdhisEffectBG,Tsa_08644928,0x644928,0x1E4
14936,Tsa4_EfxMagdhisEffectBG,Tsa_08644B0C,0x644B0C,0x19C
14940,Tsa4_EfxMagdhisEffectBG,Tsa_08644CA8,0x644CA8,0x128
14944,Tsa4_EfxMagdhisEffectBG,Tsa_08644DD0,0x644DD0,0xA0
14948,Tsa4_EfxMagdhisEffectBG,Tsa_08644E70,0x644E70,0xA8
14952,Tsa4_EfxMagdhisEffectBG,Tsa_08644F18,0x644F18,0xA8
14956,Tsa4_EfxMagdhisEffectBG,Tsa_08644FC0,0x644FC0,0xB0
14960,Tsa4_EfxMagdhisEffectBG,Tsa_08645070,0x645070,0xB8
14964,Tsa4_EfxMagdhisEffectBG,Tsa_08645128,0x645128,0xCC
14968,Tsa4_EfxMagdhisEffectBG,Tsa_086451F4,0x6451F4,0xCC
14972,Tsa4_EfxMagdhisEffectBG,Tsa_086452C0,0x6452C0,0xD4
14976,Tsa4_EfxMagdhisEffectBG,Tsa_08645394,0x645394,0xD8
14980,Tsa4_EfxMagdhisEffectBG,Tsa_0864546C,0x64546C,0xDC
14984,Tsa4_EfxMagdhisEffectBG,Tsa_08645548,0x645548,0xDC
14988,Tsa4_EfxMagdhisEffectBG,Tsa_08645624,0x645624,0xE4
14992,Tsa4_EfxMagdhisEffectBG,Tsa_08645708,0x645708,0xB4
14996,Tsa4_EfxMagdhisEffectBG,Tsa_086457BC,0x6457BC,0x9C
15000,Tsa4_EfxMagdhisEffectBG,Tsa_08645858,0x645858,0x9C
15004,Tsa4_EfxMagdhisEffectBG,Tsa_086458F4,0x6458F4,0x9C
15008,Tsa4_EfxMagdhisEffectBG,Tsa_08645990,0x645990,0x9C
15012,Tsa4_EfxMagdhisEffectBG,Tsa_08645A2C,0x645A2C,0x9C
15016,Tsa4_EfxMagdhisEffectBG,Tsa_08645AC8,0x645AC8,0x9C
15020,Tsa4_EfxMagdhisEffectBG,Tsa_08645B64,0x645B64,0x9C
15024,Tsa4_EfxMagdhisEffectBG,Tsa_08645C00,0x645C00,0x9C
15028,Tsa4_EfxMagdhisEffectBG,Tsa_08645C9C,0x645C9C,0x9C
15032,Tsa4_EfxMagdhisEffectBG,Tsa_08645D38,0x645D38,0xA0
15036,Tsa4_EfxMagdhisEffectBG,Img_DivineSprites,0x645DD8,0x16C
15040,Tsa4_EfxMagdhisEffectBG,Pal_DivineSprites,0x645F44,0x20
15229,Tsa4_EfxMagdhisEffectBG,Img_EclipseBg_A,0x646550,0x348
15233,Tsa4_EfxMagdhisEffectBG,Img_EclipseBg_B,0x646898,0x8D4
15237,Tsa4_EfxMagdhisEffectBG,Img_EclipseBg_C,0x64716C,0x103C
15241,Tsa4_EfxMagdhisEffectBG,Img_EclipseBg_D,0x6481A8,0xC6C
15245,Tsa4_EfxMagdhisEffectBG,Img_EclipseBg_E,0x648E14,0xC1C
15249,Tsa4_EfxMagdhisEffectBG,Img_EclipseBg_F,0x649A30,0xB58
15253,Tsa4_EfxMagdhisEffectBG,Img_EclipseBg_G,0x64A588,0xB54
15257,Tsa4_EfxMagdhisEffectBG,Img_EclipseBg_H,0x64B0DC,0xAB0
15261,Tsa4_EfxMagdhisEffectBG,Img_EclipseBg_I,0x64BB8C,0xA28
15265,Tsa4_EfxMagdhisEffectBG,Img_EclipseBg_J,0x64C5B4,0x8FC
15269,Tsa4_EfxMagdhisEffectBG,Img_EclipseBg_K,0x64CEB0,0x8CC
15273,Tsa4_EfxMagdhisEffectBG,Img_EclipseBg_L,0x64D77C,0x880
15277,Tsa4_EfxMagdhisEffectBG,Img_EclipseBg_M,0x64DFFC,0x794
15281,Tsa4_EfxMagdhisEffectBG,Pal_EclipseBg_B,0x64E790,0x20
15285,Tsa4_EfxMagdhisEffectBG,Pal_EclipseBg_C,0x64E7B0,0x20
15289,Tsa4_EfxMagdhisEffectBG,Tsa_EclipseBg_A,0x64E7D0,0x1A4
15293,Tsa4_EfxMagdhisEffectBG,Tsa_EclipseBg_B,0x64E974,0xA0
15297,Tsa4_EfxMagdhisEffectBG,Tsa_EclipseBg_C,0x64EA14,0xA0
15301,Tsa4_EfxMagdhisEffectBG,Tsa_EclipseBg_D,0x64EAB4,0xB4
15305,Tsa4_EfxMagdhisEffectBG,Tsa_EclipseBg_E,0x64EB68,0xB4
15309,Tsa4_EfxMagdhisEffectBG,Tsa_EclipseBg_F,0x64EC1C,0xB4
15313,Tsa4_EfxMagdhisEffectBG,Tsa_EclipseBg_G,0x64ECD0,0xDC
15317,Tsa4_EfxMagdhisEffectBG,Tsa_EclipseBg_H,0x64EDAC,0xDC
15321,Tsa4_EfxMagdhisEffectBG,Tsa_EclipseBg_I,0x64EE88,0x114
15325,Tsa4_EfxMagdhisEffectBG,Tsa_EclipseBg_J,0x64EF9C,0x114
15329,Tsa4_EfxMagdhisEffectBG,Tsa_EclipseBg_K,0x64F0B0,0x114
15333,Tsa4_EfxMagdhisEffectBG,Tsa_EclipseBg_L,0x64F1C4,0x114
15337,Tsa4_EfxMagdhisEffectBG,Tsa_EclipseBg_M,0x64F2D8,0x114
15341,Tsa4_EfxMagdhisEffectBG,Tsa_EclipseBg_N,0x64F3EC,0x10C
15345,Tsa4_EfxMagdhisEffectBG,Tsa_EclipseBg_O,0x64F4F8,0xD8
15349,Tsa4_EfxMagdhisEffectBG,Tsa_EclipseBg_P,0x64F5D0,0x110
15353,Tsa4_EfxMagdhisEffectBG,Tsa_EclipseBg_Q,0x64F6E0,0x168
15357,Tsa4_EfxMagdhisEffectBG,Tsa_EclipseBg_R,0x64F848,0x1C4
15361,Tsa4_EfxMagdhisEffectBG,Tsa_EclipseBg_S,0x64FA0C,0x1C4
15365,Tsa4_EfxMagdhisEffectBG,Tsa_EclipseBg_T,0x64FBD0,0x1BC
15369,Tsa4_EfxMagdhisEffectBG,Tsa_EclipseBg_U,0x64FD8C,0x1B0
15373,Tsa4_EfxMagdhisEffectBG,Tsa_EclipseBg_V,0x64FF3C,0x1B0
15377,Tsa4_EfxMagdhisEffectBG,Tsa_EclipseBg_W,0x6500EC,0x1B0
15381,Tsa4_EfxMagdhisEffectBG,Tsa_EclipseBg_X,0x65029C,0x1A4
15385,Tsa4_EfxMagdhisEffectBG,Tsa_EclipseBg_Y,0x650440,0x198
15389,Tsa4_EfxMagdhisEffectBG,Tsa_EclipseBg_Z,0x6505D8,0x190
15393,Tsa4_EfxMagdhisEffectBG,Tsa_EclipseBg_AA,0x650768,0x174
15397,Tsa4_EfxMagdhisEffectBG,Img_EclipseSprites_Swirl,0x6508DC,0x4CC
15401,Tsa4_EfxMagdhisEffectBG,Img_EclipseSprites_08650DA8,0x650DA8,0x498
15405,Tsa4_EfxMagdhisEffectBG,Img_EclipseSprites_08651240,0x651240,0x3FC
15409,Tsa4_EfxMagdhisEffectBG,Pal_EclipseSprites,0x65163C,0x20
15632,Tsa4_EfxMagdhisEffectBG,Img_FenrirBg_Sigils,0x651DF4,0x760
15636,Tsa4_EfxMagdhisEffectBG,Pal_EfxFenrirBGCOL,0x652554,0x1E0
15640,Tsa4_EfxMagdhisEffectBG,Tsa_FenrirBg_Sigils,0x652734,0x214
15644,Tsa4_EfxMagdhisEffectBG,Img_08652948,0x652948,0x1218
15648,Tsa4_EfxMagdhisEffectBG,Img_08653B60,0x653B60,0x1350
15652,Tsa4_EfxMagdhisEffectBG,Img_08654EB0,0x654EB0,0xE7C
15656,Tsa4_EfxMagdhisEffectBG,Img_08655D2C,0x655D2C,0xBC8
15660,Tsa4_EfxMagdhisEffectBG,Pal_FenrirBg,0x6568F4,0x20
15664,Tsa4_EfxMagdhisEffectBG,Pal_EfxFenrirBG2_B,0x656914,0x20
15668,Tsa4_EfxMagdhisEffectBG,Tsa_08656934,0x656934,0xBC
15672,Tsa4_EfxMagdhisEffectBG,Tsa_086569F0,0x6569F0,0xBC
15676,Tsa4_EfxMagdhisEffectBG,Tsa_08656AAC,0x656AAC,0xBC
15680,Tsa4_EfxMagdhisEffectBG,Tsa_08656B68,0x656B68,0xBC
15684,Tsa4_EfxMagdhisEffectBG,Tsa_08656C24,0x656C24,0xBC
15688,Tsa4_EfxMagdhisEffectBG,Tsa_08656CE0,0x656CE0,0xBC
15692,Tsa4_EfxMagdhisEffectBG,Tsa_08656D9C,0x656D9C,0x104
15696,Tsa4_EfxMagdhisEffectBG,Tsa_08656EA0,0x656EA0,0x104
15700,Tsa4_EfxMagdhisEffectBG,Tsa_08656FA4,0x656FA4,0x104
15704,Tsa4_EfxMagdhisEffectBG,Tsa_086570A8,0x6570A8,0x104
15708,Tsa4_EfxMagdhisEffectBG,Tsa_086571AC,0x6571AC,0x104
15712,Tsa4_EfxMagdhisEffectBG,Tsa_086572B0,0x6572B0,0x104
15716,Tsa4_EfxMagdhisEffectBG,Tsa_086573B4,0x6573B4,0x140
15720,Tsa4_EfxMagdhisEffectBG,Tsa_086574F4,0x6574F4,0x144
15724,Tsa4_EfxMagdhisEffectBG,Tsa_08657638,0x657638,0x144
15728,Tsa4_EfxMagdhisEffectBG,Tsa_0865777C,0x65777C,0x144
15732,Tsa4_EfxMagdhisEffectBG,Tsa_086578C0,0x6578C0,0x144
15736,Tsa4_EfxMagdhisEffectBG,Tsa_08657A04,0x657A04,0x144
15740,Tsa4_EfxMagdhisEffectBG,Tsa_08657B48,0x657B48,0x180
15744,Tsa4_EfxMagdhisEffectBG,Tsa_08657CC8,0x657CC8,0x184
15748,Tsa4_EfxMagdhisEffectBG,Tsa_08657E4C,0x657E4C,0x184
15752,Tsa4_EfxMagdhisEffectBG,Tsa_08657FD0,0x657FD0,0x160
15756,Tsa4_EfxMagdhisEffectBG,Tsa_08658130,0x658130,0x160
15760,Tsa4_EfxMagdhisEffectBG,Tsa_08658290,0x658290,0x160
15764,Tsa4_EfxMagdhisEffectBG,Tsa_086583F0,0x6583F0,0x1A4
15768,Tsa4_EfxMagdhisEffectBG,Tsa_08658594,0x658594,0x1A4
15772,Tsa4_EfxMagdhisEffectBG,Tsa_08658738,0x658738,0x1A4
15776,Tsa4_EfxMagdhisEffectBG,Tsa_086588DC,0x6588DC,0x170
15780,Tsa4_EfxMagdhisEffectBG,Tsa_08658A4C,0x658A4C,0x170
15784,Tsa4_EfxMagdhisEffectBG,Tsa_08658BBC,0x658BBC,0x170
15788,Tsa4_EfxMagdhisEffectBG,Tsa_08658D2C,0x658D2C,0x1A4
15792,Tsa4_EfxMagdhisEffectBG,Tsa_08658ED0,0x658ED0,0x1A4
15796,Tsa4_EfxMagdhisEffectBG,Tsa_08659074,0x659074,0x1A4
15800,Tsa4_EfxMagdhisEffectBG,Tsa_08659218,0x659218,0x174
15804,Tsa4_EfxMagdhisEffectBG,Tsa_0865938C,0x65938C,0x174
15808,Tsa4_EfxMagdhisEffectBG,Tsa_08659500,0x659500,0x174
15812,Tsa4_EfxMagdhisEffectBG,Tsa_08659674,0x659674,0x1B0
15816,Tsa4_EfxMagdhisEffectBG,Tsa_08659824,0x659824,0x1B0
15820,Tsa4_EfxMagdhisEffectBG,Tsa_086599D4,0x6599D4,0x1B0
15824,Tsa4_EfxMagdhisEffectBG,Tsa_08659B84,0x659B84,0x174
15828,Tsa4_EfxMagdhisEffectBG,Tsa_08659CF8,0x659CF8,0x174
15832,Tsa4_EfxMagdhisEffectBG,Tsa_08659E6C,0x659E6C,0x174
15836,Tsa4_EfxMagdhisEffectBG,Tsa_08659FE0,0x659FE0,0x1B4
15840,Tsa4_EfxMagdhisEffectBG,Tsa_0865A194,0x65A194,0x1B4
15844,Tsa4_EfxMagdhisEffectBG,Tsa_0865A348,0x65A348,0x1B4
15848,Tsa4_EfxMagdhisEffectBG,Tsa_0865A4FC,0x65A4FC,0x178
15852,Tsa4_EfxMagdhisEffectBG,Tsa_0865A674,0x65A674,0x178
15856,Tsa4_EfxMagdhisEffectBG,Tsa_0865A7EC,0x65A7EC,0x178
15860,Tsa4_EfxMagdhisEffectBG,Tsa_0865A964,0x65A964,0x258
15864,Tsa4_EfxMagdhisEffectBG,Tsa_0865ABBC,0x65ABBC,0x208
15868,Tsa4_EfxMagdhisEffectBG,Tsa_0865ADC4,0x65ADC4,0x178
15872,Tsa4_EfxMagdhisEffectBG,Img_FenrirSprites,0x65AF3C,0xB7C
15876,Tsa4_EfxMagdhisEffectBG,Pal_FenrirSprites_A,0x65BAB8,0x20
15880,Tsa4_EfxMagdhisEffectBG,Pal_FenrirSprites_B,0x65BAD8,0x65BAF8 - 0x65BAD8
16331,Tsa4_EfxMagdhisEffectBG,Img_0865C8C0,0x65C8C0,0x55C
16335,Tsa4_EfxMagdhisEffectBG,Img_0865CE1C,0x65CE1C,0x67C
16339,Tsa4_EfxMagdhisEffectBG,Img_0865D498,0x65D498,0x64C
16343,Tsa4_EfxMagdhisEffectBG,Img_0865DAE4,0x65DAE4,0x7B4
16347,Tsa4_EfxMagdhisEffectBG,Img_0865E298,0x65E298,0x708
16351,Tsa4_EfxMagdhisEffectBG,Img_0865E9A0,0x65E9A0,0x51C
16355,Tsa4_EfxMagdhisEffectBG,Img_0865EEBC,0x65EEBC,0x900
16359,Tsa4_EfxMagdhisEffectBG,Img_0865F7BC,0x65F7BC,0x9B4
16363,Tsa4_EfxMagdhisEffectBG,Img_08660170,0x660170,0x974
16367,Tsa4_EfxMagdhisEffectBG,Img_08660AE4,0x660AE4,0x9D4
16371,Tsa4_EfxMagdhisEffectBG,Img_086614B8,0x6614B8,0x1004
16375,Tsa4_EfxMagdhisEffectBG,Img_086624BC,0x6624BC,0xE50
16379,Tsa4_EfxMagdhisEffectBG,Img_0866330C,0x66330C,0xAE4
16383,Tsa4_EfxMagdhisEffectBG,Img_08663DF0,0x663DF0,0xBA8
16387,Tsa4_EfxMagdhisEffectBG,Img_08664998,0x664998,0xB9C
16391,Tsa4_EfxMagdhisEffectBG,Img_08665534,0x665534,0xAC0
16395,Tsa4_EfxMagdhisEffectBG,Img_08665FF4,0x665FF4,0xA78
16399,Tsa4_EfxMagdhisEffectBG,Img_08666A6C,0x666A6C,0x1304
16403,Tsa4_EfxMagdhisEffectBG,Pal_08667D70,0x667D70,0x20
16407,Tsa4_EfxMagdhisEffectBG,Pal_08667D90,0x667D90,0x20
16411,Tsa4_EfxMagdhisEffectBG,Tsa_08667DB0,0x667DB0,0x124
16415,Tsa4_EfxMagdhisEffectBG,Tsa_08667ED4,0x667ED4,0x120
16419,Tsa4_EfxMagdhisEffectBG,Tsa_08667FF4,0x667FF4,0x10C
16423,Tsa4_EfxMagdhisEffectBG,Tsa_08668100,0x668100,0xFC
16427,Tsa4_EfxMagdhisEffectBG,Tsa_086681FC,0x6681FC,0xE8
16431,Tsa4_EfxMagdhisEffectBG,Tsa_086682E4,0x6682E4,0xE8
16435,Tsa4_EfxMagdhisEffectBG,Tsa_086683CC,0x6683CC,0xE0
16439,Tsa4_EfxMagdhisEffectBG,Tsa_086684AC,0x6684AC,0xDC
16443,Tsa4_EfxMagdhisEffectBG,Tsa_08668588,0x668588,0xE0
16447,Tsa4_EfxMagdhisEffectBG,Tsa_08668668,0x668668,0xF4
16451,Tsa4_EfxMagdhisEffectBG,Tsa_0866875C,0x66875C,0xF4
16455,Tsa4_EfxMagdhisEffectBG,Tsa_08668850,0x668850,0x104
16459,Tsa4_EfxMagdhisEffectBG,Tsa_08668954,0x668954,0x108
16463,Tsa4_EfxMagdhisEffectBG,Tsa_08668A5C,0x668A5C,0x118
16467,Tsa4_EfxMagdhisEffectBG,Tsa_08668B74,0x668B74,0x124
16471,Tsa4_EfxMagdhisEffectBG,Tsa_08668C98,0x668C98,0x114
16475,Tsa4_EfxMagdhisEffectBG,Tsa_08668DAC,0x668DAC,0x124
16479,Tsa4_EfxMagdhisEffectBG,Tsa_08668ED0,0x668ED0,0x124
16483,Tsa4_EfxMagdhisEffectBG,Tsa_08668FF4,0x668FF4,0x110
16487,Tsa4_EfxMagdhisEffectBG,Tsa_08669104,0x669104,0x100
16491,Tsa4_EfxMagdhisEffectBG,Tsa_08669204,0x669204,0xE8
16495,Tsa4_EfxMagdhisEffectBG,Tsa_086692EC,0x6692EC,0xE0
16499,Tsa4_EfxMagdhisEffectBG,Tsa_086693CC,0x6693CC,0xDC
16503,Tsa4_EfxMagdhisEffectBG,Tsa_086694A8,0x6694A8,0xDC
16507,Tsa4_EfxMagdhisEffectBG,Tsa_08669584,0x669584,0xE4
16511,Tsa4_EfxMagdhisEffectBG,Tsa_08669668,0x669668,0xF4
16515,Tsa4_EfxMagdhisEffectBG,Tsa_0866975C,0x66975C,0xF0
16519,Tsa4_EfxMagdhisEffectBG,Tsa_0866984C,0x66984C,0x104
16523,Tsa4_EfxMagdhisEffectBG,Tsa_08669950,0x669950,0x108
16527,Tsa4_EfxMagdhisEffectBG,Tsa_08669A58,0x669A58,0x114
16531,Tsa4_EfxMagdhisEffectBG,Tsa_08669B6C,0x669B6C,0x124
16535,Tsa4_EfxMagdhisEffectBG,Tsa_08669C90,0x669C90,0x114
16539,Tsa4_EfxMagdhisEffectBG,Tsa_08669DA4,0x669DA4,0x124
16543,Tsa4_EfxMagdhisEffectBG,Tsa_08669EC8,0x669EC8,0x120
16547,Tsa4_EfxMagdhisEffectBG,Tsa_08669FE8,0x669FE8,0x10C
16551,Tsa4_EfxMagdhisEffectBG,Tsa_0866A0F4,0x66A0F4,0xFC
16555,Tsa4_EfxMagdhisEffectBG,Tsa_0866A1F0,0x66A1F0,0xE8
16559,Tsa4_EfxMagdhisEffectBG,Tsa_0866A2D8,0x66A2D8,0xE8
16563,Tsa4_EfxMagdhisEffectBG,Tsa_0866A3C0,0x66A3C0,0xE0
16567,Tsa4_EfxMagdhisEffectBG,Tsa_0866A4A0,0x66A4A0,0xDC
16571,Tsa4_EfxMagdhisEffectBG,Tsa_0866A57C,0x66A57C,0xE0
16575,Tsa4_EfxMagdhisEffectBG,Tsa_0866A65C,0x66A65C,0xF4
16579,Tsa4_EfxMagdhisEffectBG,Tsa_0866A750,0x66A750,0xF4
16583,Tsa4_EfxMagdhisEffectBG,Tsa_0866A844,0x66A844,0x104
16587,Tsa4_EfxMagdhisEffectBG,Tsa_0866A948,0x66A948,0x108
16591,Tsa4_EfxMagdhisEffectBG,Tsa_0866AA50,0x66AA50,0x118
16595,Tsa4_EfxMagdhisEffectBG,Tsa_0866AB68,0x66AB68,0x124
16599,Tsa4_EfxMagdhisEffectBG,Tsa_0866AC8C,0x66AC8C,0x110
16603,Tsa4_EfxMagdhisEffectBG,Tsa_0866AD9C,0x66AD9C,0x214
16607,Tsa4_EfxMagdhisEffectBG,Tsa_0866AFB0,0x66AFB0,0x1BC
16611,Tsa4_EfxMagdhisEffectBG,Tsa_0866B16C,0x66B16C,0x1DC
16615,Tsa4_EfxMagdhisEffectBG,Tsa_0866B348,0x66B348,0x204
16619,Tsa4_EfxMagdhisEffectBG,Tsa_0866B54C,0x66B54C,0x208
16623,Tsa4_EfxMagdhisEffectBG,Tsa_0866B754,0x66B754,0x214
16627,Tsa4_EfxMagdhisEffectBG,Tsa_0866B968,0x66B968,0x260
16631,Tsa4_EfxMagdhisEffectBG,Tsa_0866BBC8,0x66BBC8,0x234
16635,Tsa4_EfxMagdhisEffectBG,Tsa_0866BDFC,0x66BDFC,0x274
16639,Tsa4_EfxMagdhisEffectBG,Tsa_0866C070,0x66C070,0x248
16643,Tsa4_EfxMagdhisEffectBG,Tsa_0866C2B8,0x66C2B8,0x360
16647,Tsa4_EfxMagdhisEffectBG,Tsa_0866C618,0x66C618,0x354
16651,Tsa4_EfxMagdhisEffectBG,Tsa_0866C96C,0x66C96C,0x310
16655,Tsa4_EfxMagdhisEffectBG,Tsa_0866CC7C,0x66CC7C,0x2E4
16659,Tsa4_EfxMagdhisEffectBG,Tsa_0866CF60,0x66CF60,0x2D0
16663,Tsa4_EfxMagdhisEffectBG,Tsa_0866D230,0x66D230,0x298
16667,Tsa4_EfxMagdhisEffectBG,Tsa_0866D4C8,0x66D4C8,0x298
16671,Tsa4_EfxMagdhisEffectBG,Tsa_0866D760,0x66D760,0x22C
16675,Tsa4_EfxMagdhisEffectBG,Tsa_0866D98C,0x66D98C,0x2B4
16679,Tsa4_EfxMagdhisEffectBG,Tsa_0866DC40,0x66DC40,0x2C0
16683,Tsa4_EfxMagdhisEffectBG,Tsa_0866DF00,0x66DF00,0x330
16687,Tsa4_EfxMagdhisEffectBG,Tsa_0866E230,0x66E230,0x350
16691,Tsa4_EfxMagdhisEffectBG,Tsa_0866E580,0x66E580,0x378
16695,Tsa4_EfxMagdhisEffectBG,Tsa_0866E8F8,0x66E8F8,0x388
16699,Tsa4_EfxMagdhisEffectBG,Tsa_0866EC80,0x66EC80,0x370
16703,Tsa4_EfxMagdhisEffectBG,Img_PurgeSprites,0x66EFF0,0x2C4
16707,Tsa4_EfxMagdhisEffectBG,Pal_PurgeSprites,0x66F2B4,0x20
16854,Tsa4_EfxMagdhisEffectBG,Img_HealSpellBg,0x66F5E4,0x190
16858,Tsa4_EfxMagdhisEffectBG,Tsa_HealSpellBg,0x66F774,0x960
16862,Tsa4_EfxMagdhisEffectBG,Pal_HealSpellBg,0x6700D4,0x200
16866,Tsa4_EfxMagdhisEffectBG,Img_HealSprites_Sparkles,0x6702D4,0x254
16870,Tsa4_EfxMagdhisEffectBG,Pal_HealSprites_Sparkles,0x670528,0x20
16874,Tsa4_EfxMagdhisEffectBG,Img_EfxLiveBG_B,0x670548,0x7F8
16878,Tsa4_EfxMagdhisEffectBG,Tsa_EfxLiveBG_B_L,0x670D40,0x960
16882,Tsa4_EfxMagdhisEffectBG,Tsa_EfxLiveBG_B_R,0x6716A0,0x960
16886,Tsa4_EfxMagdhisEffectBG,Pal_08672000,0x672000,0x220
16890,Tsa4_EfxMagdhisEffectBG,Pal_08672220,0x672220,0x200
19983,AnimScr_EfxReblowOBJ_Unk4,Tsa_08677E80,0x677E80,0x10C
19987,AnimScr_EfxReblowOBJ_Unk4,Tsa_08677F8C,0x677F8C,0x100
19991,AnimScr_EfxReblowOBJ_Unk4,Tsa_0867808C,0x67808C,0x10C
19995,AnimScr_EfxReblowOBJ_Unk4,Tsa_08678198,0x678198,0x10C
19999,AnimScr_EfxReblowOBJ_Unk4,Tsa_086782A4,0x6782A4,0x47C
20003,AnimScr_EfxReblowOBJ_Unk4,Pal_08678720,0x678720,0x200
20007,AnimScr_EfxReblowOBJ_Unk4,Pal_08678920,0x678920,0x200
20011,AnimScr_EfxReblowOBJ_Unk4,Pal_08678B20,0x678B20,0x200
20015,gUnknown_08678D20,gUnknown_08678D20,0x678D20,0x679B04 - 0x678D20
20019,gUnknown_08678D20,Img_08679B04,0x679B04,0x62C
20023,gUnknown_08678D20,Img_0867A130,0x67A130,0x6F8
20027,gUnknown_08678D20,Img_0867A828,0x67A828,0x620
20031,gUnknown_08678D20,Img_0867AE48,0x67AE48,0x75C
20035,gUnknown_08678D20,Pal_MapAnimRestore,0x67B5A4,0x20
20039,gUnknown_08678D20,Tsa_0867B5C4,0x67B5C4,0xAC
20043,gUnknown_08678D20,Tsa_0867B670,0x67B670,0xB4
20047,gUnknown_08678D20,Tsa_0867B724,0x67B724,0xC0
20051,gUnknown_08678D20,Tsa_0867B7E4,0x67B7E4,0xC8
20055,gUnknown_08678D20,Tsa_0867B8AC,0x67B8AC,0xDC
20059,gUnknown_08678D20,Tsa_0867B988,0x67B988,0xE0
20063,gUnknown_08678D20,Tsa_0867BA68,0x67BA68,0xE8
20067,gUnknown_08678D20,Tsa_0867BB50,0x67BB50,0xF0
20071,gUnknown_08678D20,Tsa_0867BC40,0x67BC40,0x100
20075,gUnknown_08678D20,Tsa_0867BD40,0x67BD40,0x10C
20079,gUnknown_08678D20,Tsa_0867BE4C,0x67BE4C,0x120
20083,gUnknown_08678D20,Tsa_0867BF6C,0x67BF6C,0x130
20087,gUnknown_08678D20,Tsa_0867C09C,0x67C09C,0x67C1DC - 0x67C09C
21209,gUnknown_08678D20,Img_SilenceBg,0x67EEB4,0xAC8
21213,gUnknown_08678D20,Tsa_0867F97C,0x67F97C,0xFC
21217,gUnknown_08678D20,Tsa_0867FA78,0x67FA78,0xE8
21221,gUnknown_08678D20,Tsa_0867FB60,0x67FB60,0xE8
21225,gUnknown_08678D20,Tsa_0867FC48,0x67FC48,0xE8
21229,gUnknown_08678D20,Tsa_0867FD30,0x67FD30,0xFC
21233,gUnknown_08678D20,Tsa_0867FE2C,0x67FE2C,0xE8
21237,gUnknown_08678D20,Tsa_0867FF14,0x67FF14,0x98
21241,gUnknown_08678D20,Tsa_0867FFAC,0x67FFAC,0xE8
21245,gUnknown_08678D20,Tsa_08680094,0x680094,0x98
21249,gUnknown_08678D20,Tsa_0868012C,0x68012C,0xE8
21253,gUnknown_08678D20,Tsa_08680214,0x680214,0xFC
21257,gUnknown_08678D20,Tsa_08680310,0x680310,0x98
21261,gUnknown_08678D20,Tsa_086803A8,0x6803A8,0xE8
21265,gUnknown_08678D20,Tsa_08680490,0x680490,0x98
21269,gUnknown_08678D20,Tsa_08680528,0x680528,0xFC
21273,gUnknown_08678D20,Tsa_08680624,0x680624,0x98
21277,gUnknown_08678D20,Tsa_086806BC,0x6806BC,0x110
21281,gUnknown_08678D20,Tsa_086807CC,0x6807CC,0xD4
21285,gUnknown_08678D20,Img_SilenceSprites,0x6808A0,0x520
21289,gUnknown_08678D20,Pal_Silence,0x680DC0,0x20
21452,gUnknown_08678D20,Pal_HammerneBg,0x6810B8,0x20
21456,gUnknown_08678D20,Tsa_086810D8,0x6810D8,0xAC
21460,gUnknown_08678D20,Tsa_08681184,0x681184,0xB0
21464,gUnknown_08678D20,Tsa_08681234,0x681234,0xC0
21468,gUnknown_08678D20,Tsa_086812F4,0x6812F4,0xC8
21472,gUnknown_08678D20,Tsa_086813BC,0x6813BC,0xD8
21476,gUnknown_08678D20,Tsa_08681494,0x681494,0xDC
21480,gUnknown_08678D20,Tsa_08681570,0x681570,0xE8
21484,gUnknown_08678D20,Tsa_08681658,0x681658,0xF0
21488,gUnknown_08678D20,Tsa_08681748,0x681748,0x100
21492,gUnknown_08678D20,Tsa_08681848,0x681848,0x10C
21496,gUnknown_08678D20,Tsa_08681954,0x681954,0x120
21500,gUnknown_08678D20,Tsa_08681A74,0x681A74,0x130
21504,gUnknown_08678D20,Tsa_08681BA4,0x681BA4,0x681CE0 - 0x681BA4
22626,gUnknown_08678D20,Img_086849B8,0x6849B8,0x100
22630,gUnknown_08678D20,Tsa_08684AB8,0x684AB8,0x820
22634,gUnknown_08678D20,Img_SleepBg,0x6852D8,0xECC
22638,gUnknown_08678D20,Pal_SleepBg,0x6861A4,0x20
22642,gUnknown_08678D20,Tsa_086861C4,0x6861C4,0xDC
22646,gUnknown_08678D20,Tsa_086862A0,0x6862A0,0xDC
22650,gUnknown_08678D20,Tsa_0868637C,0x68637C,0xDC
22654,gUnknown_08678D20,Tsa_08686458,0x686458,0xDC
22658,gUnknown_08678D20,Tsa_08686534,0x686534,0xDC
22662,gUnknown_08678D20,Tsa_08686610,0x686610,0xDC
22666,gUnknown_08678D20,Tsa_086866EC,0x6866EC,0xDC
22670,gUnknown_08678D20,Tsa_086867C8,0x6867C8,0xDC
22674,gUnknown_08678D20,Tsa_086868A4,0x6868A4,0xDC
22678,gUnknown_08678D20,Tsa_08686980,0x686980,0xDC
22682,gUnknown_08678D20,Tsa_08686A5C,0x686A5C,0xDC
22686,gUnknown_08678D20,Tsa_08686B38,0x686B38,0xDC
22690,gUnknown_08678D20,Tsa_08686C14,0x686C14,0xDC
22694,gUnknown_08678D20,Tsa_08686CF0,0x686CF0,0xDC
22698,gUnknown_08678D20,Tsa_08686DCC,0x686DCC,0xDC
22702,gUnknown_08678D20,Tsa_08686EA8,0x686EA8,0xDC
22706,gUnknown_08678D20,Img_SleepSprites,0x686F84,0x1E8
22710,gUnknown_08678D20,Pal_SleepSprites,0x68716C,0x20
22714,gUnknown_08678D20,Pal_HammerneSprites,0x68718C,0x6871AC - 0x68718C
24934,gUnknown_08678D20,Pal_BerserkBg,0x68C338,0x20
24938,gUnknown_08678D20,Img_BerserkSprites_A,0x68C358,0x498
24942,gUnknown_08678D20,Img_BerserkSprites_B,0x68C7F0,0x420
24946,gUnknown_08678D20,Pal_BerserkSprites,0x68CC10,0x140
25325,gUnknown_08678D20,Img_BarrierBg,0x68D6D0,0x88C
25329,gUnknown_08678D20,Pal_BarrierBg,0x68DF5C,0x40
25333,gUnknown_08678D20,Tsa_0868DF9C,0x68DF9C,0xB8
25337,gUnknown_08678D20,Tsa_0868E054,0x68E054,0xC4
25341,gUnknown_08678D20,Tsa_0868E118,0x68E118,0xF0
25345,gUnknown_08678D20,Tsa_0868E208,0x68E208,0x130
25349,gUnknown_08678D20,Tsa_0868E338,0x68E338,0x134
25353,gUnknown_08678D20,Img_EfxMshield,0x68E46C,0x20
27173,gUnknown_08678D20,Pal_IvaldiSprites,0x6926E0,0x430
27177,gUnknown_08678D20,Img_IvaldiSprites,0x692B10,0x20
27913,gUnknown_08678D20,Img_IvaldiBg1,0x6937C0,0xE04
27917,gUnknown_08678D20,Pal_IvaldiBg1,0x6945C4,0x20
27921,gUnknown_08678D20,Tsa_086945E4,0x6945E4,0xBC
27925,gUnknown_08678D20,Tsa_086946A0,0x6946A0,0x124
27929,gUnknown_08678D20,Tsa_086947C4,0x6947C4,0x198
27933,gUnknown_08678D20,Tsa_0869495C,0x69495C,0x1FC
27937,gUnknown_08678D20,Tsa_08694B58,0x694B58,0x278
27941,gUnknown_08678D20,Tsa_08694DD0,0x694DD0,0x278
27945,gUnknown_08678D20,Tsa_08695048,0x695048,0x278
27949,gUnknown_08678D20,Tsa_086952C0,0x6952C0,0x270
27953,gUnknown_08678D20,Tsa_08695530,0x695530,0x214
27957,gUnknown_08678D20,Tsa_08695744,0x695744,0x1AC
27961,gUnknown_08678D20,Tsa_086958F0,0x6958F0,0x144
27965,gUnknown_08678D20,Tsa_08695A34,0x695A34,0xDC
27969,gUnknown_08678D20,Img_IvaldiBg2,0x695B10,0xD30
27973,gUnknown_08678D20,Pal_IvaldiBg2,0x696840,0x20
27977,gUnknown_08678D20,Tsa_08696860,0x696860,0x98
27981,gUnknown_08678D20,Tsa_086968F8,0x6968F8,0x194
27985,gUnknown_08678D20,Tsa_08696A8C,0x696A8C,0x19C
27989,gUnknown_08678D20,Tsa_08696C28,0x696C28,0x19C
27993,gUnknown_08678D20,Tsa_08696DC4,0x696DC4,0x1A0
27997,gUnknown_08678D20,Img_08696F64,0x696F64,0x6AC
28001,gUnknown_08678D20,Img_08697610,0x697610,0x708
28005,gUnknown_08678D20,Img_08697D18,0x697D18,0x86C
28009,gUnknown_08678D20,Img_08698584,0x698584,0x9F4
28013,gUnknown_08678D20,Img_08698F78,0x698F78,0xB74
28017,gUnknown_08678D20,Img_08699AEC,0x699AEC,0xC20
28021,gUnknown_08678D20,Img_0869A70C,0x69A70C,0xD64
28025,gUnknown_08678D20,Img_0869B470,0x69B470,0xCC0
28029,gUnknown_08678D20,Img_0869C130,0x69C130,0xCEC
28033,gUnknown_08678D20,Img_0869CE1C,0x69CE1C,0xD74
28037,gUnknown_08678D20,Img_0869DB90,0x69DB90,0xC80
28041,gUnknown_08678D20,Pal_0869E810,0x69E810,0x20
28045,gUnknown_08678D20,Pal_0869E830,0x69E830,0x20
28049,gUnknown_08678D20,Pal_0869E850,0x69E850,0x20
28053,gUnknown_08678D20,Pal_0869E870,0x69E870,0x20
28057,gUnknown_08678D20,Pal_0869E890,0x69E890,0x20
28061,gUnknown_08678D20,Pal_0869E8B0,0x69E8B0,0x20
28065,gUnknown_08678D20,Pal_0869E8D0,0x69E8D0,0x20
28069,gUnknown_08678D20,Pal_0869E8F0,0x69E8F0,0x20
28073,gUnknown_08678D20,Pal_0869E910,0x69E910,0x20
28077,gUnknown_08678D20,Pal_0869E930,0x69E930,0x20
28081,gUnknown_08678D20,Pal_0869E950,0x69E950,0x20
28085,gUnknown_08678D20,Tsa_0869E970,0x69E970,0x244
28089,gUnknown_08678D20,Tsa_0869EBB4,0x69EBB4,0x278
28093,gUnknown_08678D20,Tsa_0869EE2C,0x69EE2C,0x264
28097,gUnknown_08678D20,Tsa_0869F090,0x69F090,0x274
28101,gUnknown_08678D20,Tsa_0869F304,0x69F304,0x2BC
28105,gUnknown_08678D20,Tsa_0869F5C0,0x69F5C0,0x2C8
28109,gUnknown_08678D20,Tsa_0869F888,0x69F888,0x2C4
28113,gUnknown_08678D20,Tsa_0869FB4C,0x69FB4C,0x2B0
28117,gUnknown_08678D20,Tsa_0869FDFC,0x69FDFC,0x2B4
28121,gUnknown_08678D20,Tsa_086A00B0,0x6A00B0,0x2D8
28125,gUnknown_08678D20,Tsa_086A0388,0x6A0388,0x320
28129,gUnknown_08678D20,Img_IvaldiBg4,0x6A06A8,0x1638
28133,gUnknown_08678D20,Pal_IvaldiBg4,0x6A1CE0,0x20
28137,gUnknown_08678D20,Tsa_086A1D00,0x6A1D00,0x4F4
28141,gUnknown_08678D20,Img_GleipnirSprites_Rocks,0x6A21F4,0x420
28145,gUnknown_08678D20,Pal_GleipnirSprites_Rocks,0x6A2614,0x20
28285,gUnknown_08678D20,Img_GleipnirSprites_Comet,0x6A2874,0x474
28289,gUnknown_08678D20,Pal_GleipnirSprites_Comet,0x6A2CE8,0x20
28391,gUnknown_08678D20,Img_086A2EC0,0x6A2EC0,0x610
28395,gUnknown_08678D20,Img_086A34D0,0x6A34D0,0x6D0
28399,gUnknown_08678D20,Img_086A3BA0,0x6A3BA0,0x6D0
28403,gUnknown_08678D20,Img_086A4270,0x6A4270,0x668
28407,gUnknown_08678D20,Img_086A48D8,0x6A48D8,0x5C4
28411,gUnknown_08678D20,Img_086A4E9C,0x6A4E9C,0x4F0
28415,gUnknown_08678D20,Img_086A538C,0x6A538C,0x3E0
28419,gUnknown_08678D20,Img_086A576C,0x6A576C,0x3E0
28423,gUnknown_08678D20,Img_086A5B4C,0x6A5B4C,0x3E0
28427,gUnknown_08678D20,Img_086A5F2C,0x6A5F2C,0x3D8
28431,gUnknown_08678D20,Img_086A6304,0x6A6304,0x3D4
28435,gUnknown_08678D20,Pal_GleipnirBg_Sigil,0x6A66D8,0x20
28439,gUnknown_08678D20,Tsa_086A66F8,0x6A66F8,0x1A8
28443,gUnknown_08678D20,Tsa_086A68A0,0x6A68A0,0x174
28447,gUnknown_08678D20,Tsa_086A6A14,0x6A6A14,0x174
28451,gUnknown_08678D20,Tsa_086A6B88,0x6A6B88,0x148
28455,gUnknown_08678D20,Tsa_086A6CD0,0x6A6CD0,0x10C
28459,gUnknown_08678D20,Tsa_086A6DDC,0x6A6DDC,0xE0
28463,gUnknown_08678D20,Tsa_086A6EBC,0x6A6EBC,0xD8
28467,gUnknown_08678D20,Tsa_086A6F94,0x6A6F94,0xC4
28471,gUnknown_08678D20,Tsa_086A7058,0x6A7058,0xBC
28475,gUnknown_08678D20,Tsa_086A7114,0x6A7114,0xA4
28479,gUnknown_08678D20,Tsa_086A71B8,0x6A71B8,0xA0
28483,gUnknown_08678D20,Img_086A7258,0x6A7258,0x468
28487,gUnknown_08678D20,Img_086A76C0,0x6A76C0,0x504
28491,gUnknown_08678D20,Img_086A7BC4,0x6A7BC4,0x5B8
28495,gUnknown_08678D20,Img_086A817C,0x6A817C,0x670
28499,gUnknown_08678D20,Img_086A87EC,0x6A87EC,0x75C
28503,gUnknown_08678D20,Img_086A8F48,0x6A8F48,0x860
28507,gUnknown_08678D20,Img_086A97A8,0x6A97A8,0x994
28511,gUnknown_08678D20,Img_086AA13C,0x6AA13C,0xAA4
28515,gUnknown_08678D20,Img_086AABE0,0x6AABE0,0xBB0
28519,gUnknown_08678D20,Img_086AB790,0x6AB790,0xD20
28523,gUnknown_08678D20,Img_086AC4B0,0x6AC4B0,0xE08
28527,gUnknown_08678D20,Img_086AD2B8,0x6AD2B8,0xF68
28531,gUnknown_08678D20,Img_086AE220,0x6AE220,0x104C
28535,gUnknown_08678D20,Img_086AF26C,0x6AF26C,0x112C
28539,gUnknown_08678D20,Img_086B0398,0x6B0398,0x122C
28543,gUnknown_08678D20,Img_086B15C4,0x6B15C4,0x12B4
28547,gUnknown_08678D20,Pal_086B2878,0x6B2878,0x20
28551,gUnknown_08678D20,Pal_086B2898,0x6B2898,0x20
28555,gUnknown_08678D20,Pal_086B28B8,0x6B28B8,0x20
28559,gUnknown_08678D20,Pal_086B28D8,0x6B28D8,0x20
28563,gUnknown_08678D20,Pal_086B28F8,0x6B28F8,0x20
28567,gUnknown_08678D20,Pal_086B2918,0x6B2918,0x20
28571,gUnknown_08678D20,Pal_086B2938,0x6B2938,0x20
28575,gUnknown_08678D20,Pal_086B2958,0x6B2958,0x20
28579,gUnknown_08678D20,Pal_086B2978,0x6B2978,0x20
28583,gUnknown_08678D20,Pal_086B2998,0x6B2998,0x20
28587,gUnknown_08678D20,Pal_086B29B8,0x6B29B8,0x20
28591,gUnknown_08678D20,Pal_086B29D8,0x6B29D8,0x20
28595,gUnknown_08678D20,Pal_086B29F8,0x6B29F8,0x20
28599,gUnknown_08678D20,Pal_086B2A18,0x6B2A18,0x20
28603,gUnknown_08678D20,Pal_086B2A38,0x6B2A38,0x20
28607,gUnknown_08678D20,Pal_086B2A58,0x6B2A58,0x20
28611,gUnknown_08678D20,Tsa_086B2A78,0x6B2A78,0xB8
28615,gUnknown_08678D20,Tsa_086B2B30,0x6B2B30,0xC4
28619,gUnknown_08678D20,Tsa_086B2BF4,0x6B2BF4,0xD8
28623,gUnknown_08678D20,Tsa_086B2CCC,0x6B2CCC,0xEC
28627,gUnknown_08678D20,Tsa_086B2DB8,0x6B2DB8,0x104
28631,gUnknown_08678D20,Tsa_086B2EBC,0x6B2EBC,0x11C
28635,gUnknown_08678D20,Tsa_086B2FD8,0x6B2FD8,0x13C
28639,gUnknown_08678D20,Tsa_086B3114,0x6B3114,0x158
28643,gUnknown_08678D20,Tsa_086B326C,0x6B326C,0x174
28647,gUnknown_08678D20,Tsa_086B33E0,0x6B33E0,0x198
28651,gUnknown_08678D20,Tsa_086B3578,0x6B3578,0x1BC
28655,gUnknown_08678D20,Tsa_086B3734,0x6B3734,0x1C8
28659,gUnknown_08678D20,Tsa_086B38FC,0x6B38FC,0x1F0
28663,gUnknown_08678D20,Tsa_086B3AEC,0x6B3AEC,0x1FC
28667,gUnknown_08678D20,Tsa_086B3CE8,0x6B3CE8,0x218
28671,gUnknown_08678D20,Tsa_086B3F00,0x6B3F00,0x21C
28675,gUnknown_08678D20,Img_GleipnirBg_Fog,0x6B411C,0x11B0
28679,gUnknown_08678D20,Pal_GleipnirBg_Fog,0x6B52CC,0x20
28683,gUnknown_08678D20,Tsa_GleipnirBg_Fog,0x6B52EC,0x294
28687,gUnknown_08678D20,Img_CrimsonEyeSprites,0x6B5580,0x35C
28691,gUnknown_08678D20,Pal_CrimsonEyeSprites,0x6B58DC,0x20
28780,gUnknown_08678D20,Pal_efxGorgonBGFinish,0x6B5A2C,0x20
28784,gUnknown_08678D20,Img_efxCrimsonEyeBG,0x6B5A4C,0x460
28788,gUnknown_08678D20,Pal_efxCrimsonEyeBG,0x6B5EAC,0x20
28792,gUnknown_08678D20,Tsa_086B5ECC,0x6B5ECC,0xAC
28796,gUnknown_08678D20,Tsa_086B5F78,0x6B5F78,0xC4
28800,gUnknown_08678D20,Tsa_086B603C,0x6B603C,0xC4
28804,gUnknown_08678D20,Tsa_086B6100,0x6B6100,0xC4
28808,gUnknown_08678D20,Tsa_086B61C4,0x6B61C4,0xC4
28812,gUnknown_08678D20,Tsa_086B6288,0x6B6288,0xC4
28816,gUnknown_08678D20,Tsa_086B634C,0x6B634C,0xC4
28820,gUnknown_08678D20,Tsa_086B6410,0x6B6410,0xAC
28824,gUnknown_08678D20,Img_086B64BC,0x6B64BC,0x18EC
28828,gUnknown_08678D20,Img_086B7DA8,0x6B7DA8,0x1878
28832,gUnknown_08678D20,Img_086B9620,0x6B9620,0x18F4
28836,gUnknown_08678D20,Img_086BAF14,0x6BAF14,0x1910
28840,gUnknown_08678D20,Pal_efxCrimsonEyeBGFinish1,0x6BC824,0x60
28844,gUnknown_08678D20,Tsa_086BC884,0x6BC884,0x274
28848,gUnknown_08678D20,Tsa_086BCAF8,0x6BCAF8,0x278
28852,gUnknown_08678D20,Tsa_086BCD70,0x6BCD70,0x278
28856,gUnknown_08678D20,Tsa_086BCFE8,0x6BCFE8,0x278
28860,gUnknown_08678D20,Img_StoneSprites,0x6BD260,0x50C
28864,gUnknown_08678D20,Pal_StoneSprites,0x6BD76C,0x20
29039,gUnknown_08678D20,Img_086BDB7C,0x6BDB7C,0x550
29043,gUnknown_08678D20,Img_086BE0CC,0x6BE0CC,0x59C
29047,gUnknown_08678D20,Img_086BE668,0x6BE668,0x5F4
29051,gUnknown_08678D20,Img_086BEC5C,0x6BEC5C,0x698
29055,gUnknown_08678D20,Img_086BF2F4,0x6BF2F4,0x6BC
29059,gUnknown_08678D20,Img_086BF9B0,0x6BF9B0,0x760
29063,gUnknown_08678D20,Img_086C0110,0x6C0110,0x814
29067,gUnknown_08678D20,Img_086C0924,0x6C0924,0x878
29071,gUnknown_08678D20,Img_086C119C,0x6C119C,0x934
29075,gUnknown_08678D20,Img_086C1AD0,0x6C1AD0,0x968
29079,gUnknown_08678D20,Img_086C2438,0x6C2438,0x970
29083,gUnknown_08678D20,Img_086C2DA8,0x6C2DA8,0x9B4
29087,gUnknown_08678D20,Img_086C375C,0x6C375C,0x998
29091,gUnknown_08678D20,Img_086C40F4,0x6C40F4,0x9C0
29095,gUnknown_08678D20,Img_086C4AB4,0x6C4AB4,0x918
29099,gUnknown_08678D20,Img_086C53CC,0x6C53CC,0x954
29103,gUnknown_08678D20,Img_086C5D20,0x6C5D20,0x97C
29107,gUnknown_08678D20,Img_086C669C,0x6C669C,0x974
29111,gUnknown_08678D20,Img_086C7010,0x6C7010,0x8FC
29115,gUnknown_08678D20,Pal_StoneBg,0x6C790C,0x20
29119,gUnknown_08678D20,Pal_StoneBg_086C792C,0x6C792C,0x20
29123,gUnknown_08678D20,Pal_StoneBg_086C794C,0x6C794C,0x20
29127,gUnknown_08678D20,Tsa_086C796C,0x6C796C,0xC0
29131,gUnknown_08678D20,Tsa_086C7A2C,0x6C7A2C,0xCC
29135,gUnknown_08678D20,Tsa_086C7AF8,0x6C7AF8,0xD8
29139,gUnknown_08678D20,Tsa_086C7BD0,0x6C7BD0,0xEC
29143,gUnknown_08678D20,Tsa_086C7CBC,0x6C7CBC,0x104
29147,gUnknown_08678D20,Tsa_086C7DC0,0x6C7DC0,0x114
29151,gUnknown_08678D20,Tsa_086C7ED4,0x6C7ED4,0x128
29155,gUnknown_08678D20,Tsa_086C7FFC,0x6C7FFC,0x13C
29159,gUnknown_08678D20,Tsa_086C8138,0x6C8138,0x154
29163,gUnknown_08678D20,Tsa_086C828C,0x6C828C,0x178
29167,gUnknown_08678D20,Tsa_086C8404,0x6C8404,0x16C
29171,gUnknown_08678D20,Tsa_086C8570,0x6C8570,0x174
29175,gUnknown_08678D20,Tsa_086C86E4,0x6C86E4,0x17C
29179,gUnknown_08678D20,Tsa_086C8860,0x6C8860,0x18C
29183,gUnknown_08678D20,Tsa_086C89EC,0x6C89EC,0x144
29187,gUnknown_08678D20,Tsa_086C8B30,0x6C8B30,0x154
29191,gUnknown_08678D20,Tsa_086C8C84,0x6C8C84,0x164
29195,gUnknown_08678D20,Tsa_086C8DE8,0x6C8DE8,0x164
29199,gUnknown_08678D20,Tsa_086C8F4C,0x6C8F4C,0x158
29203,gUnknown_08678D20,Img_086C90A4,0x6C90A4,0x358
29207,gUnknown_08678D20,Pal_086C93FC,0x6C93FC,0x20
29361,gUnknown_08678D20,Img_086C97B4,0x6C97B4,0x5F8
29365,gUnknown_08678D20,Img_086C9DAC,0x6C9DAC,0x618
29369,gUnknown_08678D20,Img_086CA3C4,0x6CA3C4,0x6D0
29373,gUnknown_08678D20,Img_086CAA94,0x6CAA94,0x730
29377,gUnknown_08678D20,Img_086CB1C4,0x6CB1C4,0x72C
29381,gUnknown_08678D20,Img_086CB8F0,0x6CB8F0,0x7F4
29385,gUnknown_08678D20,Img_086CC0E4,0x6CC0E4,0x7BC
29389,gUnknown_08678D20,Img_086CC8A0,0x6CC8A0,0x7F8
29393,gUnknown_08678D20,Img_086CD098,0x6CD098,0x8F0
29397,gUnknown_08678D20,Img_086CD988,0x6CD988,0x7D4
29401,gUnknown_08678D20,Img_086CE15C,0x6CE15C,0x8A0
29405,gUnknown_08678D20,Img_086CE9FC,0x6CE9FC,0x848
29409,gUnknown_08678D20,Img_086CF244,0x6CF244,0x794
29413,gUnknown_08678D20,Img_086CF9D8,0x6CF9D8,0x890
29417,gUnknown_08678D20,Img_086D0268,0x6D0268,0x8BC
29421,gUnknown_08678D20,Img_086D0B24,0x6D0B24,0x828
29425,gUnknown_08678D20,Img_086D134C,0x6D134C,0x820
29429,gUnknown_08678D20,Img_086D1B6C,0x6D1B6C,0x894
29433,gUnknown_08678D20,Img_086D2400,0x6D2400,0x7E4
29437,gUnknown_08678D20,Img_086D2BE4,0x6D2BE4,0x870
29441,gUnknown_08678D20,Pal_086D3454,0x6D3454,0x20
29445,gUnknown_08678D20,Pal_086D3474,0x6D3474,0x20
29449,gUnknown_08678D20,Pal_086D3494,0x6D3494,0x20
29453,gUnknown_08678D20,Pal_086D34B4,0x6D34B4,0x20
29457,gUnknown_08678D20,Pal_086D34D4,0x6D34D4,0x20
29461,gUnknown_08678D20,Pal_086D34F4,0x6D34F4,0x20
29465,gUnknown_08678D20,Pal_086D3514,0x6D3514,0x20
29469,gUnknown_08678D20,Pal_086D3534,0x6D3534,0x20
29473,gUnknown_08678D20,Pal_086D3554,0x6D3554,0x20
29477,gUnknown_08678D20,Pal_086D3574,0x6D3574,0x20
29481,gUnknown_08678D20,Pal_086D3594,0x6D3594,0x20
29485,gUnknown_08678D20,Pal_086D35B4,0x6D35B4,0x20
29489,gUnknown_08678D20,Pal_086D35D4,0x6D35D4,0x20
29493,gUnknown_08678D20,Pal_086D35F4,0x6D35F4,0x20
29497,gUnknown_08678D20,Pal_086D3614,0x6D3614,0x20
29501,gUnknown_08678D20,Pal_086D3634,0x6D3634,0x20
29505,gUnknown_08678D20,Pal_086D3654,0x6D3654,0x20
29509,gUnknown_08678D20,Pal_086D3674,0x6D3674,0x20
29513,gUnknown_08678D20,Pal_086D3694,0x6D3694,0x20
29517,gUnknown_08678D20,Pal_086D36B4,0x6D36B4,0x20
29521,gUnknown_08678D20,Tsa_086D36D4,0x6D36D4,0xE0
29525,gUnknown_08678D20,Tsa_086D37B4,0x6D37B4,0xDC
29529,gUnknown_08678D20,Tsa_086D3890,0x6D3890,0xE8
29533,gUnknown_08678D20,Tsa_086D3978,0x6D3978,0x104
29537,gUnknown_08678D20,Tsa_086D3A7C,0x6D3A7C,0xFC
29541,gUnknown_08678D20,Tsa_086D3B78,0x6D3B78,0x10C
29545,gUnknown_08678D20,Tsa_086D3C84,0x6D3C84,0x108
29549,gUnknown_08678D20,Tsa_086D3D8C,0x6D3D8C,0x108
29553,gUnknown_08678D20,Tsa_086D3E94,0x6D3E94,0x128
29557,gUnknown_08678D20,Tsa_086D3FBC,0x6D3FBC,0x110
29561,gUnknown_08678D20,Tsa_086D40CC,0x6D40CC,0x128
29565,gUnknown_08678D20,Tsa_086D41F4,0x6D41F4,0x124
29569,gUnknown_08678D20,Tsa_086D4318,0x6D4318,0x110
29573,gUnknown_08678D20,Tsa_086D4428,0x6D4428,0x124
29577,gUnknown_08678D20,Tsa_086D454C,0x6D454C,0x120
29581,gUnknown_08678D20,Tsa_086D466C,0x6D466C,0x11C
29585,gUnknown_08678D20,Tsa_086D4788,0x6D4788,0x114
29589,gUnknown_08678D20,Tsa_086D489C,0x6D489C,0x134
29593,gUnknown_08678D20,Tsa_086D49D0,0x6D49D0,0x10C
29597,gUnknown_08678D20,Tsa_086D4ADC,0x6D4ADC,0x12C
29601,gUnknown_08678D20,Img_086D4C08,0x6D4C08,0x810
29605,gUnknown_08678D20,Img_086D5418,0x6D5418,0xA2C
29609,gUnknown_08678D20,Img_086D5E44,0x6D5E44,0xA68
29613,gUnknown_08678D20,Img_086D68AC,0x6D68AC,0xAF8
29617,gUnknown_08678D20,Img_086D73A4,0x6D73A4,0xB7C
29621,gUnknown_08678D20,Img_086D7F20,0x6D7F20,0xB74
29625,gUnknown_08678D20,Pal_EvilEyeBg2_A,0x6D8A94,0x20
29629,gUnknown_08678D20,Pal_086D8AB4,0x6D8AB4,0x20
29633,gUnknown_08678D20,Pal_086D8AD4,0x6D8AD4,0x20
29637,gUnknown_08678D20,Pal_086D8AF4,0x6D8AF4,0x20
29641,gUnknown_08678D20,Pal_086D8B14,0x6D8B14,0x20
29645,gUnknown_08678D20,Pal_086D8B34,0x6D8B34,0x20
29649,gUnknown_08678D20,Tsa_086D8B54,0x6D8B54,0x110
29653,gUnknown_08678D20,Tsa_086D8C64,0x6D8C64,0x188
29657,gUnknown_08678D20,Tsa_086D8DEC,0x6D8DEC,0x1B8
29661,gUnknown_08678D20,Tsa_086D8FA4,0x6D8FA4,0x1CC
29665,gUnknown_08678D20,Tsa_086D9170,0x6D9170,0x1E4
29669,gUnknown_08678D20,Tsa_086D9354,0x6D9354,0x1E8
29673,gUnknown_08678D20,Tsa_086D953C,0x6D953C,0x1B4
29677,gUnknown_08678D20,Tsa_086D96F0,0x6D96F0,0x1B8
29681,gUnknown_08678D20,Tsa_086D98A8,0x6D98A8,0x1CC
29685,gUnknown_08678D20,Tsa_086D9A74,0x6D9A74,0x1CC
29689,gUnknown_08678D20,Img_086D9C40,0x6D9C40,0x6FC
29693,gUnknown_08678D20,Pal_086DA33C,0x6DA33C,0x20
30017,gUnknown_08678D20,Img_086DAF34,0x6DAF34,0x82C
30021,gUnknown_08678D20,Img_086DB760,0x6DB760,0x904
30025,gUnknown_08678D20,Img_086DC064,0x6DC064,0xA00
30029,gUnknown_08678D20,Img_086DCA64,0x6DCA64,0xB34
30033,gUnknown_08678D20,Img_086DD598,0x6DD598,0xBD0
30037,gUnknown_08678D20,Img_086DE168,0x6DE168,0xC28
30041,gUnknown_08678D20,Img_086DED90,0x6DED90,0xC68
30045,gUnknown_08678D20,Img_086DF9F8,0x6DF9F8,0xBF8
30049,gUnknown_08678D20,Img_086E05F0,0x6E05F0,0xCA4
30053,gUnknown_08678D20,Img_086E1294,0x6E1294,0xCC0
30057,gUnknown_08678D20,Img_086E1F54,0x6E1F54,0xC94
30061,gUnknown_08678D20,Img_086E2BE8,0x6E2BE8,0xC40
30065,gUnknown_08678D20,Img_086E3828,0x6E3828,0xBF8
30069,gUnknown_08678D20,Img_086E4420,0x6E4420,0xB70
30073,gUnknown_08678D20,Img_086E4F90,0x6E4F90,0xAA0
30077,gUnknown_08678D20,Img_086E5A30,0x6E5A30,0xA10
30081,gUnknown_08678D20,Pal_086E6440,0x6E6440,0x20
30085,gUnknown_08678D20,Pal_086E6460,0x6E6460,0x20
30089,gUnknown_08678D20,Pal_086E6480,0x6E6480,0x20
30093,gUnknown_08678D20,Pal_086E64A0,0x6E64A0,0x20
30097,gUnknown_08678D20,Pal_086E64C0,0x6E64C0,0x20
30101,gUnknown_08678D20,Tsa_086E64E0,0x6E64E0,0x10C
30105,gUnknown_08678D20,Tsa_086E65EC,0x6E65EC,0x130
30109,gUnknown_08678D20,Tsa_086E671C,0x6E671C,0x144
30113,gUnknown_08678D20,Tsa_086E6860,0x6E6860,0x168
30117,gUnknown_08678D20,Tsa_086E69C8,0x6E69C8,0x170
30121,gUnknown_08678D20,Tsa_086E6B38,0x6E6B38,0x18C
30125,gUnknown_08678D20,Tsa_086E6CC4,0x6E6CC4,0x19C
30129,gUnknown_08678D20,Tsa_086E6E60,0x6E6E60,0x1AC
30133,gUnknown_08678D20,Tsa_086E700C,0x6E700C,0x1B0
30137,gUnknown_08678D20,Tsa_086E71BC,0x6E71BC,0x1C4
30141,gUnknown_08678D20,Tsa_086E7380,0x6E7380,0x1D0
30145,gUnknown_08678D20,Tsa_086E7550,0x6E7550,0x1E0
30149,gUnknown_08678D20,Tsa_086E7730,0x6E7730,0x1E4
30153,gUnknown_08678D20,Tsa_086E7914,0x6E7914,0x1E8
30157,gUnknown_08678D20,Tsa_086E7AFC,0x6E7AFC,0x1DC
30161,gUnknown_08678D20,Tsa_086E7CD8,0x6E7CD8,0x1D8
30165,gUnknown_08678D20,Img_086E7EB0,0x6E7EB0,0x1308
30169,gUnknown_08678D20,Pal_086E91B8,0x6E91B8,0x20
30173,gUnknown_08678D20,Tsa_086E91D8,0x6E91D8,0xA4
30177,gUnknown_08678D20,Tsa_086E927C,0x6E927C,0xDC
30181,gUnknown_08678D20,Tsa_086E9358,0x6E9358,0x11C
30185,gUnknown_08678D20,Tsa_086E9474,0x6E9474,0x160
30189,gUnknown_08678D20,Tsa_086E95D4,0x6E95D4,0x184
30193,gUnknown_08678D20,Tsa_086E9758,0x6E9758,0x18C
30197,gUnknown_08678D20,Tsa_086E98E4,0x6E98E4,0x180
30201,gUnknown_08678D20,Tsa_086E9A64,0x6E9A64,0x170
30205,gUnknown_08678D20,Tsa_086E9BD4,0x6E9BD4,0x16C
30209,gUnknown_08678D20,Img_086E9D40,0x6E9D40,0x6AC
30213,gUnknown_08678D20,Pal_086EA3EC,0x6EA3EC,0x20
30763,AnimScr_086EB878,Img_086EB8B4,0x6EB8B4,0x490
30767,AnimScr_086EB878,Img_086EBD44,0x6EBD44,0x520
30771,AnimScr_086EB878,Img_086EC264,0x6EC264,0x570
30775,AnimScr_086EB878,Img_086EC7D4,0x6EC7D4,0x604
30779,AnimScr_086EB878,Img_086ECDD8,0x6ECDD8,0x64C
30783,AnimScr_086EB878,Img_086ED424,0x6ED424,0x6D4
30787,AnimScr_086EB878,Img_086EDAF8,0x6EDAF8,0x764
30791,AnimScr_086EB878,Img_086EE25C,0x6EE25C,0x79C
30795,AnimScr_086EB878,Img_086EE9F8,0x6EE9F8,0x7E4
30799,AnimScr_086EB878,Img_086EF1DC,0x6EF1DC,0x7EC
30803,AnimScr_086EB878,Img_086EF9C8,0x6EF9C8,0x81C
30807,AnimScr_086EB878,Pal_086F01E4,0x6F01E4,0x20
30811,AnimScr_086EB878,Pal_086F0204,0x6F0204,0x20
30815,AnimScr_086EB878,Pal_086F0224,0x6F0224,0x20
30819,AnimScr_086EB878,Pal_086F0244,0x6F0244,0x20
30823,AnimScr_086EB878,Pal_086F0264,0x6F0264,0x20
30827,AnimScr_086EB878,Pal_086F0284,0x6F0284,0x20
30831,AnimScr_086EB878,Pal_086F02A4,0x6F02A4,0x20
30835,AnimScr_086EB878,Pal_086F02C4,0x6F02C4,0x20
30839,AnimScr_086EB878,Pal_086F02E4,0x6F02E4,0x20
30843,AnimScr_086EB878,Pal_086F0304,0x6F0304,0x20
30847,AnimScr_086EB878,Pal_086F0324,0x6F0324,0x20
30851,AnimScr_086EB878,Tsa_086F0344,0x6F0344,0xA8
30855,AnimScr_086EB878,Tsa_086F03EC,0x6F03EC,0xCC
30859,AnimScr_086EB878,Tsa_086F04B8,0x6F04B8,0xE8
30863,AnimScr_086EB878,Tsa_086F05A0,0x6F05A0,0xFC
30867,AnimScr_086EB878,Tsa_086F069C,0x6F069C,0x100
30871,AnimScr_086EB878,Tsa_086F079C,0x6F079C,0x11C
30875,AnimScr_086EB878,Tsa_086F08B8,0x6F08B8,0x128
30879,AnimScr_086EB878,Tsa_086F09E0,0x6F09E0,0x14C
30883,AnimScr_086EB878,Tsa_086F0B2C,0x6F0B2C,0x15C
30887,AnimScr_086EB878,Tsa_086F0C88,0x6F0C88,0x170
30891,AnimScr_086EB878,Tsa_086F0DF8,0x6F0DF8,0x174
30895,AnimScr_086EB878,Img_086F0F6C,0x6F0F6C,0x155C
30899,AnimScr_086EB878,Img_086F24C8,0x6F24C8,0x1368
30903,AnimScr_086EB878,Img_086F3830,0x6F3830,0x1208
30907,AnimScr_086EB878,Pal_086F4A38,0x6F4A38,0x20
30911,AnimScr_086EB878,Pal_086F4A58,0x6F4A58,0x20
30915,AnimScr_086EB878,Pal_086F4A78,0x6F4A78,0x20
30919,AnimScr_086EB878,Tsa_086F4A98,0x6F4A98,0x234
30923,AnimScr_086EB878,Tsa_086F4CCC,0x6F4CCC,0x20C
30927,AnimScr_086EB878,Tsa_086F4ED8,0x6F4ED8,0x1FC
30931,AnimScr_086EB878,Img_086F50D4,0x6F50D4,0x1190
30935,AnimScr_086EB878,Img_086F6264,0x6F6264,0xEEC
30939,AnimScr_086EB878,Img_086F7150,0x6F7150,0xF68
30943,AnimScr_086EB878,Img_086F80B8,0x6F80B8,0x10A4
30947,AnimScr_086EB878,Img_086F915C,0x6F915C,0x11F4
30951,AnimScr_086EB878,Img_086FA350,0x6FA350,0xD2C
30955,AnimScr_086EB878,Img_086FB07C,0x6FB07C,0xC6C
30959,AnimScr_086EB878,Img_086FBCE8,0x6FBCE8,0x1070
30963,AnimScr_086EB878,Img_086FCD58,0x6FCD58,0xCEC
30967,AnimScr_086EB878,Pal_086FDA44,0x6FDA44,0x20
30971,AnimScr_086EB878,Tsa_086FDA64,0x6FDA64,0xA4
30975,AnimScr_086EB878,Tsa_086FDB08,0x6FDB08,0x1D8
30979,AnimScr_086EB878,Tsa_086FDCE0,0x6FDCE0,0x1E4
30983,AnimScr_086EB878,Tsa_086FDEC4,0x6FDEC4,0x210
30987,AnimScr_086EB878,Tsa_086FE0D4,0x6FE0D4,0x24C
30991,AnimScr_086EB878,Tsa_086FE320,0x6FE320,0x1C0
30995,AnimScr_086EB878,Tsa_086FE4E0,0x6FE4E0,0x1A0
30999,AnimScr_086EB878,Tsa_086FE680,0x6FE680,0x19C
31003,AnimScr_086EB878,Tsa_086FE81C,0x6FE81C,0x11C
31007,AnimScr_086EB878,Img_NaglfarSprites_A,0x6FE938,0xA6C
31011,AnimScr_086EB878,Pal_NaglfarSprites_A,0x6FF3A4,0x20
31149,AnimScr_086EB878,Img_NaglfarSprites_B,0x6FF5EC,0x750
31153,AnimScr_086EB878,Pal_NaglfarSprites_B,0x6FFD3C,0x20
31343,AnimScr_086EB878,Img_NaglfarBg1_A,0x700404,0xF9C
31347,AnimScr_086EB878,Pal_NaglfarBg1_A,0x7013A0,0x20
31351,AnimScr_086EB878,Tsa_NaglfarBg1_A,0x7013C0,0x2A0
31355,AnimScr_086EB878,Img_08701660,0x701660,0xA6C
31359,AnimScr_086EB878,Img_087020CC,0x7020CC,0xCCC
31363,AnimScr_086EB878,Img_08702D98,0x702D98,0xE34
31367,AnimScr_086EB878,Img_08703BCC,0x703BCC,0x12C4
31371,AnimScr_086EB878,Img_08704E90,0x704E90,0x14F8
31375,AnimScr_086EB878,Img_08706388,0x706388,0x1664
31379,AnimScr_086EB878,Img_087079EC,0x7079EC,0x13B4
31383,AnimScr_086EB878,Img_08708DA0,0x708DA0,0x1208
31387,AnimScr_086EB878,Img_08709FA8,0x709FA8,0x10B8
31391,AnimScr_086EB878,Img_0870B060,0x70B060,0xFB4
31395,AnimScr_086EB878,Img_0870C014,0x70C014,0xDDC
31399,AnimScr_086EB878,Img_0870CDF0,0x70CDF0,0xDDC
31403,AnimScr_086EB878,Img_0870DBCC,0x70DBCC,0xCC8
31407,AnimScr_086EB878,Img_0870E894,0x70E894,0xC90
31411,AnimScr_086EB878,Img_0870F524,0x70F524,0xCF4
31415,AnimScr_086EB878,Img_08710218,0x710218,0xBA0
31419,AnimScr_086EB878,Pal_08710DB8,0x710DB8,0x20
31423,AnimScr_086EB878,Pal_08710DD8,0x710DD8,0x20
31427,AnimScr_086EB878,Pal_08710DF8,0x710DF8,0x20
31431,AnimScr_086EB878,Pal_08710E18,0x710E18,0x20
31435,AnimScr_086EB878,Pal_08710E38,0x710E38,0x20
31439,AnimScr_086EB878,Pal_08710E58,0x710E58,0x20
31443,AnimScr_086EB878,Pal_08710E78,0x710E78,0x20
31447,AnimScr_086EB878,Pal_08710E98,0x710E98,0x20
31451,AnimScr_086EB878,Pal_08710EB8,0x710EB8,0x20
31455,AnimScr_086EB878,Pal_08710ED8,0x710ED8,0x20
31459,AnimScr_086EB878,Pal_08710EF8,0x710EF8,0x20
31463,AnimScr_086EB878,Pal_08710F18,0x710F18,0x20
31467,AnimScr_086EB878,Pal_08710F38,0x710F38,0x20
31471,AnimScr_086EB878,Pal_08710F58,0x710F58,0x20
31475,AnimScr_086EB878,Pal_08710F78,0x710F78,0x20
31479,AnimScr_086EB878,Pal_08710F98,0x710F98,0x20
31483,AnimScr_086EB878,Tsa_08710FB8,0x710FB8,0x228
31487,AnimScr_086EB878,Tsa_087111E0,0x7111E0,0x258
31491,AnimScr_086EB878,Tsa_08711438,0x711438,0x26C
31495,AnimScr_086EB878,Tsa_087116A4,0x7116A4,0x258
31499,AnimScr_086EB878,Tsa_087118FC,0x7118FC,0x270
31503,AnimScr_086EB878,Tsa_08711B6C,0x711B6C,0x26C
31507,AnimScr_086EB878,Tsa_08711DD8,0x711DD8,0x264
31511,AnimScr_086EB878,Tsa_0871203C,0x71203C,0x268
31515,AnimScr_086EB878,Tsa_087122A4,0x7122A4,0x268
31519,AnimScr_086EB878,Tsa_0871250C,0x71250C,0x260
31523,AnimScr_086EB878,Tsa_0871276C,0x71276C,0x254
31527,AnimScr_086EB878,Tsa_087129C0,0x7129C0,0x254
31531,AnimScr_086EB878,Tsa_08712C14,0x712C14,0x258
31535,AnimScr_086EB878,Tsa_08712E6C,0x712E6C,0x248
31539,AnimScr_086EB878,Tsa_087130B4,0x7130B4,0x25C
31543,AnimScr_086EB878,Tsa_08713310,0x713310,0x248
31547,AnimScr_086EB878,Img_08713558,0x713558,0x190C
31551,AnimScr_086EB878,Img_08714E64,0x714E64,0x18AC
31555,AnimScr_086EB878,Img_08716710,0x716710,0x1768
31559,AnimScr_086EB878,Img_08717E78,0x717E78,0x196C
31563,AnimScr_086EB878,Pal_NaglfarBg3,0x7197E4,0x20
31567,AnimScr_086EB878,Tsa_08719804,0x719804,0x4A0
31571,AnimScr_086EB878,Tsa_08719CA4,0x719CA4,0x490
31575,AnimScr_086EB878,Tsa_0871A134,0x71A134,0x49C
31579,AnimScr_086EB878,Tsa_0871A5D0,0x71A5D0,0x4A8
31583,AnimScr_086EB878,Img_0871AA78,0x71AA78,0x14EC
31587,AnimScr_086EB878,Img_0871BF64,0x71BF64,0x13AC
31591,AnimScr_086EB878,Img_0871D310,0x71D310,0x13B0
31595,AnimScr_086EB878,Img_0871E6C0,0x71E6C0,0x131C
31599,AnimScr_086EB878,Img_0871F9DC,0x71F9DC,0x13A8
31603,AnimScr_086EB878,Pal_NaglfarBg4,0x720D84,0x20
31607,AnimScr_086EB878,Tsa_08720DA4,0x720DA4,0x278
31611,AnimScr_086EB878,Tsa_0872101C,0x72101C,0x278
31615,AnimScr_086EB878,Tsa_08721294,0x721294,0x278
31619,AnimScr_086EB878,Tsa_0872150C,0x72150C,0x278
31623,AnimScr_086EB878,Tsa_08721784,0x721784,0x1A84
31627,AnimScr_086EB878,AnimScr_DarkBreath_Far,0x723208,0x6C
31631,AnimScr_086EB878,Img_08723274,0x723274,0x11B0
31635,AnimScr_086EB878,Pal_efxExcaliburBG0,0x724424,0x20
31639,AnimScr_086EB878,Tsa_08724444,0x724444,0x294
31643,AnimScr_086EB878,Img_FireBreathBg,0x7246D8,0x13F8
31647,AnimScr_086EB878,Pal_FireBreathBg,0x725AD0,0x20
31651,AnimScr_086EB878,Tsa_FireBreathBg,0x725AF0,0x2BC
31655,AnimScr_086EB878,Pal_08725DAC,0x725DAC,0x20
31659,AnimScr_086EB878,Img_ShineBg1,0x725DCC,0x1228
31663,AnimScr_086EB878,Pal_ShineBg_08726FF4,0x726FF4,0xC0
31667,AnimScr_086EB878,Tsa_ShineBg1_Left,0x7270B4,0x45C
31671,AnimScr_086EB878,Tsa_ShineBg1_Right,0x727510,0x45C
31675,AnimScr_086EB878,Img_ShineBg2,0x72796C,0x2DC
31679,AnimScr_086EB878,Pal_ShineBg2,0x727C48,0x20
31683,AnimScr_086EB878,Tsa_ShineBg2_A,0x727C68,0xB0
31687,AnimScr_086EB878,Tsa_ShineBg2_B,0x727D18,0x108
31691,AnimScr_086EB878,Tsa_ShineBg2_C,0x727E20,0x13C
31695,AnimScr_086EB878,Tsa_ShineBg2_D,0x727F5C,0x174
31699,AnimScr_086EB878,Tsa_ShineBg2_E,0x7280D0,0x198
31703,AnimScr_086EB878,Tsa_ShineBg2_F,0x728268,0x174
31707,AnimScr_086EB878,Tsa_ShineBg2_G,0x7283DC,0x10C
31711,AnimScr_086EB878,Tsa_ShineBg2_H,0x7284E8,0xD4
31715,AnimScr_086EB878,Tsa_ShineBg2_I,0x7285BC,0xA0
31719,AnimScr_086EB878,Img_ShineSprites,0x72865C,0x2C4
31723,AnimScr_086EB878,Pal_ShineSprites,0x728920,0x20
31871,AnimScr_086EB878,Img_LunaBg1,0x728C5C,0xAD0
31875,AnimScr_086EB878,Pal_LunaBg1,0x72972C,0x20
31879,AnimScr_086EB878,Tsa_LunaBg1_A,0x72974C,0x130
31883,AnimScr_086EB878,Img_LunaBg2,0x72987C,0x760
31887,AnimScr_086EB878,Pal_LunaBg2,0x729FDC,0x1E0
31891,AnimScr_086EB878,Tsa_LunaBg2,0x72A1BC,0x1A4
31895,AnimScr_086EB878,Img_LunaBg3_A,0x72A360,0x125C
31899,AnimScr_086EB878,Img_LunaBg3_B,0x72B5BC,0xCD4
31903,AnimScr_086EB878,Img_LunaBg3_C,0x72C290,0xBD0
31907,AnimScr_086EB878,Pal_LunaBg3,0x72CE60,0x20
31911,AnimScr_086EB878,Tsa_LunaBg3_A,0x72CE80,0xB4
31915,AnimScr_086EB878,Tsa_LunaBg3_B,0x72CF34,0xBC
31919,AnimScr_086EB878,Tsa_LunaBg3_C,0x72CFF0,0xDC
31923,AnimScr_086EB878,Tsa_LunaBg3_D,0x72D0CC,0xE8
31927,AnimScr_086EB878,Tsa_LunaBg3_E,0x72D1B4,0x124
31931,AnimScr_086EB878,Tsa_LunaBg3_F,0x72D2D8,0x120
31935,AnimScr_086EB878,Tsa_LunaBg3_G,0x72D3F8,0x10C
31939,AnimScr_086EB878,Tsa_LunaBg3_H,0x72D504,0x10C
31943,AnimScr_086EB878,Tsa_LunaBg3_I,0x72D610,0xFC
31947,AnimScr_086EB878,Tsa_LunaBg3_J,0x72D70C,0x100
31951,AnimScr_086EB878,Tsa_LunaBg3_K,0x72D80C,0xFC
31955,AnimScr_086EB878,Tsa_LunaBg3_L,0x72D908,0xFC
31959,AnimScr_086EB878,Img_LunaSprites,0x72DA04,0x400
31963,AnimScr_086EB878,Pal_LunaSprites,0x72DE04,0x20
32176,AnimScr_086EB878,Img_ExcaliburBg1,0x72E25C,0x3F0
32180,AnimScr_086EB878,Pal_ExcaliburBg1,0x72E64C,0x1A0
32184,AnimScr_086EB878,Tsa_ExcaliburBg1,0x72E7EC,0x1AC
32188,AnimScr_086EB878,Img_ExcaliburBg2,0x72E998,0x106C
32192,AnimScr_086EB878,Pal_ExcaliburBg2,0x72FA04,0x80
32196,AnimScr_086EB878,Tsa_ExcaliburBg2_Left,0x72FA84,0x434
32200,AnimScr_086EB878,Tsa_ExcaliburBg2_Right,0x72FEB8,0x3EC
32204,AnimScr_086EB878,Pal_ExcaliburBg3,0x7302A4,0x80
32208,AnimScr_086EB878,Img_ExcaliburSprites,0x730324,0x45C
32212,AnimScr_086EB878,Pal_ExcaliburSprites,0x730780,0x20
32593,AnimScr_086EB878,Pal_08731348,0x731348,0x80
32597,AnimScr_086EB878,Img_GespenstBg4,0x7313C8,0xE60
32601,AnimScr_086EB878,Pal_GespenstBg4,0x732228,0x140
32605,AnimScr_086EB878,Tsa_GespenstBg4,0x732368,0x45C
32609,AnimScr_086EB878,Img_AuraBg1,0x7327C4,0x978
32613,AnimScr_086EB878,Pal_AuraBg1,0x73313C,0x20
32617,AnimScr_086EB878,Tsa_0873315C,0x73315C,0xA0
32621,AnimScr_086EB878,Tsa_087331FC,0x7331FC,0xA8
32625,AnimScr_086EB878,Tsa_087332A4,0x7332A4,0xA8
32629,AnimScr_086EB878,Tsa_0873334C,0x73334C,0xAC
32633,AnimScr_086EB878,Tsa_087333F8,0x7333F8,0xB8
32637,AnimScr_086EB878,Tsa_087334B0,0x7334B0,0xB8
32641,AnimScr_086EB878,Tsa_08733568,0x733568,0xB0
32645,AnimScr_086EB878,Tsa_08733618,0x733618,0xAC
32649,AnimScr_086EB878,Tsa_087336C4,0x7336C4,0xA8
32653,AnimScr_086EB878,Tsa_0873376C,0x73376C,0xA0
32657,AnimScr_086EB878,Tsa_0873380C,0x73380C,0x9C
32661,AnimScr_086EB878,Tsa_087338A8,0x7338A8,0x98
32665,AnimScr_086EB878,Tsa_08733940,0x733940,0x118
32669,AnimScr_086EB878,Tsa_08733A58,0x733A58,0x13C
32673,AnimScr_086EB878,Tsa_08733B94,0x733B94,0x150
32677,AnimScr_086EB878,Tsa_08733CE4,0x733CE4,0x13C
32681,AnimScr_086EB878,Tsa_08733E20,0x733E20,0x104
32685,AnimScr_086EB878,Tsa_08733F24,0x733F24,0xA4
32689,AnimScr_086EB878,Tsa_08733FC8,0x733FC8,0x9C
32693,AnimScr_086EB878,Tsa_08734064,0x734064,0x9C
32697,AnimScr_086EB878,Tsa_08734100,0x734100,0x9C
32701,AnimScr_086EB878,Tsa_0873419C,0x73419C,0x9C
32705,AnimScr_086EB878,Tsa_08734238,0x734238,0x9C
32709,AnimScr_086EB878,Tsa_087342D4,0x7342D4,0xBC
32713,AnimScr_086EB878,Tsa_08734390,0x734390,0xF0
32717,AnimScr_086EB878,Tsa_08734480,0x734480,0x104
32721,AnimScr_086EB878,Tsa_08734584,0x734584,0x104
32725,AnimScr_086EB878,Tsa_08734688,0x734688,0x104
32729,AnimScr_086EB878,Img_0873478C,0x73478C,0x1414
32733,AnimScr_086EB878,Img_08735BA0,0x735BA0,0x152C
32737,AnimScr_086EB878,Img_087370CC,0x7370CC,0x157C
32741,AnimScr_086EB878,Img_08738648,0x738648,0x1588
32745,AnimScr_086EB878,Img_08739BD0,0x739BD0,0x13F0
32749,AnimScr_086EB878,Img_0873AFC0,0x73AFC0,0x130C
32753,AnimScr_086EB878,Img_0873C2CC,0x73C2CC,0x1374
32757,AnimScr_086EB878,Img_0873D640,0x73D640,0x14EC
32761,AnimScr_086EB878,Img_0873EB2C,0x73EB2C,0x13AC
32765,AnimScr_086EB878,Img_0873FED8,0x73FED8,0x13B0
32769,AnimScr_086EB878,Img_08741288,0x741288,0x131C
32773,AnimScr_086EB878,Img_087425A4,0x7425A4,0x13A8
32777,AnimScr_086EB878,Pal_AuraBg3,0x74394C,0x20
32781,AnimScr_086EB878,Tsa_0874396C,0x74396C,0x278
32785,AnimScr_086EB878,Tsa_08743BE4,0x743BE4,0x278
32789,AnimScr_086EB878,Tsa_08743E5C,0x743E5C,0x278
32793,AnimScr_086EB878,Tsa_087440D4,0x7440D4,0x278
32797,AnimScr_086EB878,Tsa_0874434C,0x74434C,0x270
32801,AnimScr_086EB878,Tsa_087445BC,0x7445BC,0x25C
32805,AnimScr_086EB878,Tsa_08744818,0x744818,0x278
32809,AnimScr_086EB878,Tsa_08744A90,0x744A90,0x278
32813,AnimScr_086EB878,Tsa_08744D08,0x744D08,0x278
32817,AnimScr_086EB878,Tsa_08744F80,0x744F80,0x278
32821,AnimScr_086EB878,Tsa_087451F8,0x7451F8,0x278
32825,AnimScr_086EB878,Tsa_08745470,0x745470,0x278
32829,AnimScr_086EB878,Pal_EfxChillEffectBG,0x7456E8,6 * 0x20
32833,Tsa1_EfxChillEffectBG,Tsa1_EfxChillEffectBG,0x7457A8,0x745B74 - 0x7457A8
32837,Tsa2_EfxChillEffectBG,Tsa2_EfxChillEffectBG,0x745B74,0x745FD0 - 0x745B74
32841,Tsa3_EfxChillEffectBG,Tsa3_EfxChillEffectBG,0x745FD0,0x746358 - 0x745FD0
33019,Tsa3_EfxChillEffectBG,Img_08746760,0x746760,0x810
33023,Tsa3_EfxChillEffectBG,Img_08746F70,0x746F70,0xD0C
33027,Tsa3_EfxChillEffectBG,Img_08747C7C,0x747C7C,0x1220
33031,Tsa3_EfxChillEffectBG,Img_08748E9C,0x748E9C,0xF0C
33035,Tsa3_EfxChillEffectBG,Img_08749DA8,0x749DA8,0x10E8
33039,Tsa3_EfxChillEffectBG,Img_0874AE90,0x74AE90,0x1118
33043,Tsa3_EfxChillEffectBG,Img_0874BFA8,0x74BFA8,0xEF0
33047,Tsa3_EfxChillEffectBG,Img_0874CE98,0x74CE98,0x1278
33051,Tsa3_EfxChillEffectBG,Img_0874E110,0x74E110,0x1364
33055,Tsa3_EfxChillEffectBG,Img_0874F474,0x74F474,0xDF4
33059,Tsa3_EfxChillEffectBG,Pal_EreshkigalBg3,0x750268,0x20
33063,Tsa3_EfxChillEffectBG,Tsa_08750288,0x750288,0x15C
33067,Tsa3_EfxChillEffectBG,Tsa_087503E4,0x7503E4,0x1E0
33071,Tsa3_EfxChillEffectBG,Tsa_087505C4,0x7505C4,0x24C
33075,Tsa3_EfxChillEffectBG,Tsa_08750810,0x750810,0x228
33079,Tsa3_EfxChillEffectBG,Tsa_08750A38,0x750A38,0x250
33083,Tsa3_EfxChillEffectBG,Tsa_08750C88,0x750C88,0x274
33087,Tsa3_EfxChillEffectBG,Tsa_08750EFC,0x750EFC,0x22C
33091,Tsa3_EfxChillEffectBG,Tsa_08751128,0x751128,0x244
33095,Tsa3_EfxChillEffectBG,Tsa_0875136C,0x75136C,0x258
33099,Tsa3_EfxChillEffectBG,Tsa_087515C4,0x7515C4,0x244
33103,Tsa3_EfxChillEffectBG,Img_08751808,0x751808,0x5AC
33107,Tsa3_EfxChillEffectBG,Pal_08751DB4,0x751DB4,0x20
33190,Tsa3_EfxChillEffectBG,Img_08752044,0x752044,0xBCC
33194,Tsa3_EfxChillEffectBG,Img_08752C10,0x752C10,0xC3C
33198,Tsa3_EfxChillEffectBG,Img_0875384C,0x75384C,0xAD0
33202,Tsa3_EfxChillEffectBG,Img_0875431C,0x75431C,0x554
33206,Tsa3_EfxChillEffectBG,Pal_SongSprites,0x754870,0xA0
33210,Tsa3_EfxChillEffectBG,Tsa_08754910,0x754910,0xA8
33214,Tsa3_EfxChillEffectBG,Tsa_087549B8,0x7549B8,0xAC
33218,Tsa3_EfxChillEffectBG,Tsa_08754A64,0x754A64,0xB0
33222,Tsa3_EfxChillEffectBG,Tsa_08754B14,0x754B14,0xC4
33226,Tsa3_EfxChillEffectBG,Tsa_08754BD8,0x754BD8,0xCC
33230,Tsa3_EfxChillEffectBG,Tsa_08754CA4,0x754CA4,0xD8
33234,Tsa3_EfxChillEffectBG,Tsa_08754D7C,0x754D7C,0xE0
33238,Tsa3_EfxChillEffectBG,Tsa_08754E5C,0x754E5C,0xE0
33242,Tsa3_EfxChillEffectBG,Tsa_08754F3C,0x754F3C,0xEC
33246,Tsa3_EfxChillEffectBG,Tsa_08755028,0x755028,0xF4
33250,Tsa3_EfxChillEffectBG,Tsa_0875511C,0x75511C,0xFC
33254,Tsa3_EfxChillEffectBG,Tsa_08755218,0x755218,0xF8
33258,Tsa3_EfxChillEffectBG,Tsa_08755310,0x755310,0x100
33262,Tsa3_EfxChillEffectBG,Tsa_08755410,0x755410,0x100
33266,Tsa3_EfxChillEffectBG,Tsa_08755510,0x755510,0x100
33270,Tsa3_EfxChillEffectBG,Tsa_08755610,0x755610,0x104
33274,Tsa3_EfxChillEffectBG,Tsa_08755714,0x755714,0xF0
33278,Tsa3_EfxChillEffectBG,Tsa_08755804,0x755804,0xE8
33282,Tsa3_EfxChillEffectBG,Tsa_087558EC,0x7558EC,0xE4
33286,Tsa3_EfxChillEffectBG,Tsa_087559D0,0x7559D0,0xE8
33290,Tsa3_EfxChillEffectBG,Tsa_08755AB8,0x755AB8,0xDC
33294,Tsa3_EfxChillEffectBG,Tsa_08755B94,0x755B94,0xD0
33298,Tsa3_EfxChillEffectBG,Tsa_08755C64,0x755C64,0xBC
33302,Tsa3_EfxChillEffectBG,Tsa_08755D20,0x755D20,0xC0
33306,Tsa3_EfxChillEffectBG,Tsa_08755DE0,0x755DE0,0xB4
33310,Tsa3_EfxChillEffectBG,Tsa_08755E94,0x755E94,0xA8
33314,Tsa3_EfxChillEffectBG,Tsa_08755F3C,0x755F3C,0x98
33318,Tsa3_EfxChillEffectBG,Img_SongSprites,0x755FD4,0x210
34218,Tsa3_EfxChillEffectBG,Img_EfxLokmsunaObj,0x758218,0x198
